obs,Close
04/01/1993,38.63
05/01/1993,38
06/01/1993,38.38
07/01/1993,37.63
08/01/1993,37.88
11/01/1993,38.38
12/01/1993,38.63
13/01/1993,39.13
14/01/1993,40.38
15/01/1993,40.5
18/01/1993,41.25
19/01/1993,41.63
20/01/1993,40.38
21/01/1993,39.75
22/01/1993,39.88
25/01/1993,39.5
26/01/1993,40.25
27/01/1993,41.75
28/01/1993,40.5
29/01/1993,40.63
01/02/1993,41
02/02/1993,41.13
03/02/1993,41.63
04/02/1993,42.13
05/02/1993,42.88
08/02/1993,42.75
09/02/1993,42.38
10/02/1993,42.38
11/02/1993,42.5
12/02/1993,41.88
16/02/1993,40.5
17/02/1993,40.13
18/02/1993,39.75
19/02/1993,41.13
22/02/1993,41.88
23/02/1993,40.75
24/02/1993,41.88
25/02/1993,41.63
26/02/1993,40.5
01/03/1993,41
02/03/1993,41.88
03/03/1993,42
04/03/1993,41
05/03/1993,40.88
08/03/1993,41.88
09/03/1993,42.88
10/03/1993,44
11/03/1993,43.38
12/03/1993,42.75
15/03/1993,42.75
16/03/1993,43.25
17/03/1993,42
18/03/1993,41.75
19/03/1993,41.13
22/03/1993,41.38
23/03/1993,40.75
24/03/1993,39.88
25/03/1993,40
26/03/1993,40.63
29/03/1993,41.13
30/03/1993,40.75
31/03/1993,40.38
01/04/1993,40.75
02/04/1993,38.88
05/04/1993,39.88
06/04/1993,39.25
07/04/1993,40.25
08/04/1993,40.25
12/04/1993,42.38
13/04/1993,43.38
14/04/1993,42.75
15/04/1993,41.25
16/04/1993,41.38
19/04/1993,40.63
20/04/1993,40.25
21/04/1993,39.75
22/04/1993,39.13
23/04/1993,37.88
26/04/1993,36.88
27/04/1993,37.88
28/04/1993,38.25
29/04/1993,38.63
30/04/1993,38.25
03/05/1993,38.38
04/05/1993,39.5
05/05/1993,38.5
06/05/1993,38
07/05/1993,37.63
10/05/1993,38.25
11/05/1993,39.5
12/05/1993,39.38
13/05/1993,37.25
14/05/1993,36.63
17/05/1993,36.13
18/05/1993,36
19/05/1993,37.38
20/05/1993,37.75
21/05/1993,36.5
24/05/1993,36.88
25/05/1993,37.38
26/05/1993,39.25
27/05/1993,38.38
28/05/1993,38.38
01/06/1993,39
02/06/1993,38
03/06/1993,37.88
04/06/1993,37.13
07/06/1993,35.5
08/06/1993,36.25
09/06/1993,37.25
10/06/1993,37.38
11/06/1993,38.5
14/06/1993,38.88
15/06/1993,38.88
16/06/1993,39
17/06/1993,39.5
18/06/1993,38.88
21/06/1993,40.13
22/06/1993,40.88
23/06/1993,39.75
24/06/1993,40.63
25/06/1993,40.88
28/06/1993,41.88
29/06/1993,40.88
30/06/1993,40.88
01/07/1993,40.63
02/07/1993,39.88
06/07/1993,40.25
07/07/1993,40.38
08/07/1993,40.63
09/07/1993,40.38
12/07/1993,40.5
13/07/1993,39.5
14/07/1993,39
15/07/1993,39.75
16/07/1993,39.88
19/07/1993,39.75
20/07/1993,39.75
21/07/1993,40.38
22/07/1993,39.88
23/07/1993,40.25
26/07/1993,40.75
27/07/1993,40.25
28/07/1993,40.88
29/07/1993,41.13
30/07/1993,41.25
02/08/1993,41
03/08/1993,41.63
04/08/1993,42.25
05/08/1993,42.25
06/08/1993,42
09/08/1993,42
10/08/1993,41.5
11/08/1993,41.38
12/08/1993,41.25
13/08/1993,41.5
16/08/1993,40.75
17/08/1993,40
18/08/1993,40
19/08/1993,39.5
20/08/1993,39.38
23/08/1993,39.5
24/08/1993,40.38
25/08/1993,40.38
26/08/1993,40.63
27/08/1993,40.63
30/08/1993,40.38
31/08/1993,40.63
01/09/1993,40
02/09/1993,40
03/09/1993,40.5
07/09/1993,41
08/09/1993,41
09/09/1993,43.13
10/09/1993,44
13/09/1993,43
14/09/1993,43.38
15/09/1993,43.38
16/09/1993,43.25
17/09/1993,43.38
20/09/1993,43.75
21/09/1993,43.13
22/09/1993,43.5
23/09/1993,44.13
24/09/1993,44.25
27/09/1993,44.88
28/09/1993,45.13
29/09/1993,44.88
30/09/1993,45
01/10/1993,45.13
04/10/1993,45.25
05/10/1993,45.13
06/10/1993,45.38
07/10/1993,45.38
08/10/1993,44.88
11/10/1993,45.25
12/10/1993,45.5
13/10/1993,46.13
14/10/1993,45.13
15/10/1993,43.5
18/10/1993,42
19/10/1993,40.88
20/10/1993,41.38
21/10/1993,42
22/10/1993,41.75
25/10/1993,41.88
26/10/1993,40.88
27/10/1993,40.88
28/10/1993,40.88
29/10/1993,40.13
01/11/1993,41.38
02/11/1993,40.63
03/11/1993,39.5
04/11/1993,37.88
05/11/1993,38.88
08/11/1993,38.5
09/11/1993,38.63
10/11/1993,38.75
11/11/1993,38.25
12/11/1993,38.5
15/11/1993,37.88
16/11/1993,38.25
17/11/1993,37.75
18/11/1993,37.38
19/11/1993,36.88
22/11/1993,36.13
23/11/1993,37
24/11/1993,37.13
26/11/1993,37.5
29/11/1993,38.25
30/11/1993,38.5
01/12/1993,39
02/12/1993,39.38
03/12/1993,39.5
06/12/1993,39.75
07/12/1993,40.5
08/12/1993,40.38
09/12/1993,40.38
10/12/1993,39.5
13/12/1993,39.25
14/12/1993,39
15/12/1993,38.75
16/12/1993,38.88
17/12/1993,39.63
20/12/1993,40.5
21/12/1993,40.25
22/12/1993,40.63
23/12/1993,40.63
27/12/1993,41.38
28/12/1993,40.88
29/12/1993,40.38
30/12/1993,40.63
31/12/1993,40.13
03/01/1994,40.38
04/01/1994,40.5
05/01/1994,40.13
06/01/1994,39.5
07/01/1994,40.63
10/01/1994,41.25
11/01/1994,41
12/01/1994,41.13
13/01/1994,41.5
14/01/1994,41.5
17/01/1994,41.5
18/01/1994,40.5
19/01/1994,38.63
20/01/1994,38
21/01/1994,37.63
24/01/1994,37.75
25/01/1994,37.25
26/01/1994,37.88
27/01/1994,38.5
28/01/1994,39.13
31/01/1994,39.5
01/02/1994,38.63
02/02/1994,39.13
03/02/1994,37.88
04/02/1994,37
07/02/1994,37.25
08/02/1994,36.88
09/02/1994,37.38
10/02/1994,37
11/02/1994,36.63
14/02/1994,36.5
15/02/1994,36.63
16/02/1994,36.75
17/02/1994,36.63
18/02/1994,36.5
22/02/1994,37.13
23/02/1994,37.5
24/02/1994,37.38
25/02/1994,37.88
28/02/1994,37.25
01/03/1994,37.25
02/03/1994,37
03/03/1994,36
04/03/1994,36.38
07/03/1994,36.38
08/03/1994,36.38
09/03/1994,35.88
10/03/1994,35.88
11/03/1994,36.38
14/03/1994,37.88
15/03/1994,38.13
16/03/1994,39
17/03/1994,38.75
18/03/1994,38.38
21/03/1994,38.13
22/03/1994,38.38
23/03/1994,38.25
24/03/1994,38
25/03/1994,37.25
28/03/1994,37.13
29/03/1994,36.63
30/03/1994,35.5
31/03/1994,36.38
04/04/1994,35.88
05/04/1994,36.38
06/04/1994,36.38
07/04/1994,38
08/04/1994,37.63
11/04/1994,38.75
12/04/1994,38.5
13/04/1994,37.75
14/04/1994,38
15/04/1994,38.13
18/04/1994,37.5
19/04/1994,37
20/04/1994,36.38
21/04/1994,36.75
22/04/1994,36
25/04/1994,35.25
26/04/1994,35.5
28/04/1994,35
29/04/1994,34.75
02/05/1994,35.5
03/05/1994,35.63
04/05/1994,35.63
05/05/1994,35.25
06/05/1994,34.63
09/05/1994,34.25
10/05/1994,35.13
11/05/1994,34.38
12/05/1994,34.38
13/05/1994,34.5
16/05/1994,34.75
17/05/1994,35.75
18/05/1994,37.38
19/05/1994,37
20/05/1994,36.13
23/05/1994,36
24/05/1994,36.88
25/05/1994,37.13
26/05/1994,37
27/05/1994,38
31/05/1994,38.38
01/06/1994,39.75
02/06/1994,39.38
03/06/1994,39.88
06/06/1994,40.38
07/06/1994,39.63
08/06/1994,39.63
09/06/1994,39.5
10/06/1994,40
13/06/1994,40.88
14/06/1994,40.38
15/06/1994,40.38
16/06/1994,40.38
17/06/1994,39.88
20/06/1994,39.38
21/06/1994,38.75
22/06/1994,39.13
23/06/1994,38.88
24/06/1994,38.38
27/06/1994,39.13
28/06/1994,39
29/06/1994,38.38
30/06/1994,38.5
01/07/1994,38.88
05/07/1994,38.38
06/07/1994,38.13
07/07/1994,38.5
08/07/1994,38.25
11/07/1994,38.38
12/07/1994,38.25
13/07/1994,38.25
14/07/1994,39.13
15/07/1994,38.63
18/07/1994,38.75
19/07/1994,38.38
20/07/1994,37.63
21/07/1994,37.88
22/07/1994,37.88
25/07/1994,38.25
26/07/1994,38.25
27/07/1994,37.5
28/07/1994,37.63
29/07/1994,38.38
01/08/1994,38.75
02/08/1994,38.88
03/08/1994,38.88
04/08/1994,38
05/08/1994,37.88
08/08/1994,38
09/08/1994,37.88
10/08/1994,37.88
11/08/1994,38
12/08/1994,38.38
15/08/1994,38.38
16/08/1994,39.13
17/08/1994,38.88
18/08/1994,38.63
19/08/1994,38.75
22/08/1994,39
23/08/1994,39.38
24/08/1994,39.63
25/08/1994,39.38
26/08/1994,39.63
29/08/1994,39.5
30/08/1994,39.25
31/08/1994,38.75
01/09/1994,38.38
02/09/1994,38.38
06/09/1994,38.25
07/09/1994,38
08/09/1994,38.13
09/09/1994,37.25
12/09/1994,36.63
13/09/1994,36.75
14/09/1994,36.88
15/09/1994,37
16/09/1994,37
19/09/1994,36.25
20/09/1994,36.25
21/09/1994,36.5
22/09/1994,36.38
23/09/1994,36.13
26/09/1994,35.5
27/09/1994,35.5
28/09/1994,35.63
29/09/1994,35.5
30/09/1994,35
03/10/1994,34.63
04/10/1994,34.25
05/10/1994,34.13
06/10/1994,34.13
07/10/1994,35.13
10/10/1994,35.88
11/10/1994,35.88
12/10/1994,36.88
13/10/1994,36.88
14/10/1994,37.38
17/10/1994,37.63
18/10/1994,37.63
19/10/1994,37.38
20/10/1994,36.75
21/10/1994,36.38
24/10/1994,35.38
25/10/1994,35.88
26/10/1994,36.25
27/10/1994,37
28/10/1994,37.38
31/10/1994,38
01/11/1994,37
02/11/1994,36.5
03/11/1994,37.13
04/11/1994,36.38
07/11/1994,36
08/11/1994,36.13
09/11/1994,35.88
10/11/1994,36
11/11/1994,35.88
14/11/1994,36.38
15/11/1994,36.5
16/11/1994,36.38
17/11/1994,35.75
18/11/1994,35.38
21/11/1994,35.25
22/11/1994,34.25
23/11/1994,36.25
25/11/1994,36
28/11/1994,35.63
29/11/1994,36.75
30/11/1994,36.38
01/12/1994,36.63
02/12/1994,37.38
05/12/1994,38
06/12/1994,38.5
07/12/1994,37.75
08/12/1994,37
09/12/1994,37
12/12/1994,37.38
13/12/1994,37.88
14/12/1994,38
15/12/1994,37.38
16/12/1994,37.13
19/12/1994,37.25
20/12/1994,37.13
21/12/1994,36.75
22/12/1994,36.63
23/12/1994,36.63
27/12/1994,36.38
28/12/1994,36.63
29/12/1994,36.5
30/12/1994,35.88
03/01/1995,36.25
04/01/1995,36.88
05/01/1995,37.25
06/01/1995,37.38
09/01/1995,37.63
10/01/1995,37.25
11/01/1995,37.25
12/01/1995,37.13
13/01/1995,38.38
16/01/1995,38.88
17/01/1995,38.38
18/01/1995,37.88
19/01/1995,37.25
20/01/1995,36.63
23/01/1995,37.38
24/01/1995,37.75
25/01/1995,38.13
26/01/1995,37.88
27/01/1995,38.75
30/01/1995,38.25
31/01/1995,39
01/02/1995,38.63
02/02/1995,38.88
03/02/1995,39.63
06/02/1995,39.75
07/02/1995,39.5
08/02/1995,39.88
09/02/1995,39.63
10/02/1995,39.88
13/02/1995,40
14/02/1995,40.13
15/02/1995,40.38
16/02/1995,39.75
17/02/1995,39.88
21/02/1995,40
22/02/1995,39.88
23/02/1995,40
24/02/1995,39.88
27/02/1995,39.5
28/02/1995,40.13
01/03/1995,40
02/03/1995,39.75
03/03/1995,39.63
06/03/1995,39.13
07/03/1995,38.13
08/03/1995,37.75
09/03/1995,37.63
10/03/1995,39
13/03/1995,38.88
14/03/1995,39
15/03/1995,39.38
16/03/1995,39.38
17/03/1995,39.38
20/03/1995,39.38
21/03/1995,38.88
22/03/1995,38.5
23/03/1995,38.75
24/03/1995,38.63
27/03/1995,38.5
28/03/1995,38.63
29/03/1995,38.5
30/03/1995,38.5
31/03/1995,37.75
03/04/1995,38.13
04/04/1995,38.63
05/04/1995,39.25
06/04/1995,41
07/04/1995,40.63
10/04/1995,40.5
11/04/1995,40.13
12/04/1995,40
13/04/1995,40.13
17/04/1995,40.63
18/04/1995,41.88
19/04/1995,41.25
20/04/1995,41.38
21/04/1995,41
24/04/1995,41.75
25/04/1995,42
26/04/1995,41.88
27/04/1995,41.63
28/04/1995,41.75
01/05/1995,41.5
02/05/1995,41.63
03/05/1995,42.25
04/05/1995,43.25
05/05/1995,43.25
08/05/1995,44
09/05/1995,44.38
10/05/1995,44.38
11/05/1995,44.5
12/05/1995,45
15/05/1995,44.88
16/05/1995,45.5
17/05/1995,45
18/05/1995,45
19/05/1995,44.5
22/05/1995,45.63
23/05/1995,47
24/05/1995,46
25/05/1995,46.75
26/05/1995,46.25
30/05/1995,45.63
31/05/1995,46.13
01/06/1995,46.88
02/06/1995,47.75
05/06/1995,47
06/06/1995,47
07/06/1995,46.63
08/06/1995,45
09/06/1995,44
12/06/1995,44.75
13/06/1995,46.25
14/06/1995,46.5
15/06/1995,46
16/06/1995,45.38
19/06/1995,46.88
20/06/1995,47.63
21/06/1995,47.88
22/06/1995,48.38
23/06/1995,47.75
26/06/1995,47.5
27/06/1995,47.13
28/06/1995,48.25
29/06/1995,47.5
30/06/1995,47.25
03/07/1995,47
05/07/1995,47.13
06/07/1995,48.38
07/07/1995,49.38
10/07/1995,51.13
11/07/1995,50
12/07/1995,50.38
13/07/1995,50.75
14/07/1995,49.5
17/07/1995,48.13
18/07/1995,49.75
19/07/1995,50.13
20/07/1995,51.75
21/07/1995,50.38
24/07/1995,51.75
25/07/1995,52.13
26/07/1995,52
27/07/1995,52.13
28/07/1995,52
31/07/1995,51.63
01/08/1995,51
02/08/1995,52.38
03/08/1995,52.75
04/08/1995,52.88
07/08/1995,52.75
08/08/1995,54
09/08/1995,53.75
10/08/1995,53.25
11/08/1995,52.63
14/08/1995,53
15/08/1995,53
16/08/1995,54
17/08/1995,53.25
18/08/1995,53.63
21/08/1995,53.5
22/08/1995,53.5
23/08/1995,53.5
24/08/1995,53.5
25/08/1995,54.38
28/08/1995,60.13
29/08/1995,59.38
30/08/1995,59
31/08/1995,58.25
01/09/1995,58
05/09/1995,58.25
06/09/1995,58.88
07/09/1995,58.5
08/09/1995,59.13
11/09/1995,60
12/09/1995,60.25
13/09/1995,60
14/09/1995,60.5
15/09/1995,61
18/09/1995,59.75
19/09/1995,60.5
20/09/1995,60.5
21/09/1995,58.75
22/09/1995,58.5
25/09/1995,58.63
26/09/1995,59
27/09/1995,60
28/09/1995,61
29/09/1995,60.88
02/10/1995,60.63
03/10/1995,61.13
04/10/1995,62.75
05/10/1995,62.5
06/10/1995,63
09/10/1995,62.88
10/10/1995,63.38
11/10/1995,63.63
12/10/1995,64.12
13/10/1995,64.12
16/10/1995,63.13
17/10/1995,62.75
18/10/1995,61.25
19/10/1995,60.63
20/10/1995,58.88
23/10/1995,59.38
24/10/1995,57
25/10/1995,56.38
26/10/1995,56.25
27/10/1995,58.38
30/10/1995,57.88
31/10/1995,56.88
01/11/1995,58.38
02/11/1995,60.38
03/11/1995,59.38
06/11/1995,58.38
07/11/1995,57.63
08/11/1995,59.38
09/11/1995,59.5
10/11/1995,59.5
13/11/1995,58.63
14/11/1995,56.75
15/11/1995,56.63
16/11/1995,57.63
17/11/1995,58.63
20/11/1995,58.75
21/11/1995,60.13
22/11/1995,60.38
24/11/1995,60.13
27/11/1995,59.25
28/11/1995,59.25
29/11/1995,59.75
30/11/1995,60
01/12/1995,59.75
04/12/1995,61
05/12/1995,61.38
06/12/1995,62.38
07/12/1995,60
08/12/1995,60.63
11/12/1995,60
12/12/1995,59.63
13/12/1995,59.88
14/12/1995,58.75
15/12/1995,57.75
18/12/1995,57.25
19/12/1995,59
20/12/1995,58.25
21/12/1995,58.13
22/12/1995,58.25
26/12/1995,58.63
27/12/1995,59
28/12/1995,58.75
29/12/1995,58.75
02/01/1996,58.75
03/01/1996,58.75
04/01/1996,56.25
05/01/1996,56
08/01/1996,56
09/01/1996,54.63
10/01/1996,54.13
11/01/1996,54.13
12/01/1996,55.63
15/01/1996,55.13
16/01/1996,58.5
17/01/1996,59.5
18/01/1996,58.88
19/01/1996,59.5
22/01/1996,60.38
23/01/1996,61.13
24/01/1996,62
25/01/1996,63.13
26/01/1996,63
29/01/1996,66
30/01/1996,66.75
31/01/1996,67
01/02/1996,65.87
02/02/1996,65.25
05/02/1996,65.37
06/02/1996,66.37
07/02/1996,67
08/02/1996,67.12
09/02/1996,66.87
12/02/1996,67.62
13/02/1996,67.62
14/02/1996,67.75
15/02/1996,67.75
16/02/1996,67.75
20/02/1996,66.75
21/02/1996,69.25
22/02/1996,70.62
23/02/1996,72.5
26/02/1996,70.12
27/02/1996,70.87
28/02/1996,71.75
29/02/1996,71.62
01/03/1996,72.75
04/03/1996,72.75
05/03/1996,72.25
06/03/1996,70.75
07/03/1996,69.37
08/03/1996,66.37
11/03/1996,65.87
12/03/1996,65.62
13/03/1996,66.75
14/03/1996,68.25
15/03/1996,67.87
18/03/1996,69.75
19/03/1996,69.87
20/03/1996,71.12
21/03/1996,72
22/03/1996,71.12
25/03/1996,70.87
26/03/1996,70.75
27/03/1996,71.5
28/03/1996,71.37
29/03/1996,70.5
01/04/1996,73
02/04/1996,74.25
03/04/1996,73.37
04/04/1996,73.37
08/04/1996,70.62
09/04/1996,69.25
10/04/1996,67
11/04/1996,66.87
12/04/1996,68.5
15/04/1996,69.12
16/04/1996,69
17/04/1996,68.25
18/04/1996,68.37
19/04/1996,67.75
22/04/1996,66.87
23/04/1996,67.12
24/04/1996,66.75
25/04/1996,68.25
26/04/1996,69.12
29/04/1996,68.87
30/04/1996,69
01/05/1996,68.75
02/05/1996,65.62
03/05/1996,66
06/05/1996,65
07/05/1996,65.87
08/05/1996,67.5
09/05/1996,67.12
10/05/1996,68.87
13/05/1996,69.62
14/05/1996,69.87
15/05/1996,69.37
16/05/1996,69.5
17/05/1996,71
20/05/1996,71
21/05/1996,70.75
22/05/1996,72.75
23/05/1996,71.87
24/05/1996,71.62
28/05/1996,70.87
29/05/1996,70.12
30/05/1996,70
31/05/1996,70
03/06/1996,69.87
04/06/1996,70.75
05/06/1996,73.25
06/06/1996,73
07/06/1996,71.75
10/06/1996,72.12
11/06/1996,72.25
12/06/1996,72.37
13/06/1996,72.62
14/06/1996,72.37
17/06/1996,72.25
18/06/1996,71.87
19/06/1996,71
20/06/1996,69.5
21/06/1996,67.5
24/06/1996,68.75
25/06/1996,70.12
26/06/1996,70
27/06/1996,70.25
28/06/1996,70.62
01/07/1996,71.37
02/07/1996,71.12
03/07/1996,71.37
05/07/1996,68.75
08/07/1996,67.25
09/07/1996,67.87
10/07/1996,68.62
11/07/1996,67.75
12/07/1996,68
15/07/1996,65.87
16/07/1996,66.75
17/07/1996,67.75
18/07/1996,69.5
19/07/1996,68.75
22/07/1996,68
23/07/1996,67
24/07/1996,66.87
25/07/1996,68.37
26/07/1996,69.12
29/07/1996,67.87
30/07/1996,68.75
31/07/1996,69.5
01/08/1996,71.12
02/08/1996,74
05/08/1996,73.12
06/08/1996,72.87
07/08/1996,72.62
08/08/1996,72.37
09/08/1996,73
12/08/1996,73.75
13/08/1996,74.62
14/08/1996,75
15/08/1996,75.37
16/08/1996,76.25
19/08/1996,76.87
20/08/1996,77.75
21/08/1996,78
22/08/1996,79.37
23/08/1996,78.12
26/08/1996,77.62
27/08/1996,77.62
28/08/1996,77.12
29/08/1996,75.87
30/08/1996,74.37
03/09/1996,75.12
04/09/1996,74.62
05/09/1996,73.87
06/09/1996,75.25
09/09/1996,75.25
10/09/1996,76.5
11/09/1996,77.87
12/09/1996,78.37
13/09/1996,79.37
16/09/1996,79.87
17/09/1996,78.12
18/09/1996,77.87
19/09/1996,77.37
20/09/1996,78
23/09/1996,79.25
24/09/1996,79.25
25/09/1996,79.87
26/09/1996,80.62
27/09/1996,80.62
30/09/1996,80.12
01/10/1996,81.12
02/10/1996,80.75
03/10/1996,80.87
04/10/1996,81.75
07/10/1996,81.87
08/10/1996,81.25
09/10/1996,80.5
10/10/1996,81
11/10/1996,81.5
14/10/1996,82.5
15/10/1996,82.5
16/10/1996,81.25
17/10/1996,81.87
18/10/1996,82.37
21/10/1996,83
22/10/1996,82.25
23/10/1996,82.75
24/10/1996,83.37
25/10/1996,83.62
28/10/1996,83.12
29/10/1996,84.5
30/10/1996,85.37
31/10/1996,85.75
01/11/1996,85.62
04/11/1996,86.5
05/11/1996,88.5
06/11/1996,89
07/11/1996,89.62
08/11/1996,89.75
11/11/1996,88.75
12/11/1996,87.75
13/11/1996,86.75
14/11/1996,88.75
15/11/1996,88.5
18/11/1996,89.5
19/11/1996,92.5
20/11/1996,92.25
21/11/1996,90.75
22/11/1996,91.5
25/11/1996,95.37
26/11/1996,94.12
27/11/1996,94
29/11/1996,94.5
02/12/1996,93.12
03/12/1996,91
04/12/1996,90.62
05/12/1996,88.87
06/12/1996,89.5
09/12/1996,89.87
10/12/1996,89.87
11/12/1996,88.62
12/12/1996,86.87
13/12/1996,85.5
16/12/1996,85.12
17/12/1996,87.62
18/12/1996,87.37
19/12/1996,90.75
20/12/1996,91.5
23/12/1996,91.62
24/12/1996,91.5
26/12/1996,92.5
27/12/1996,92.12
30/12/1996,91.75
31/12/1996,89.37
02/01/1997,88
03/01/1997,88.25
06/01/1997,87.37
07/01/1997,86.75
08/01/1997,87.62
09/01/1997,88.37
10/01/1997,87.75
13/01/1997,87.5
14/01/1997,89.62
15/01/1997,90.62
16/01/1997,90.87
17/01/1997,92
20/01/1997,92.87
21/01/1997,92.87
22/01/1997,92.37
23/01/1997,91.12
24/01/1997,89.12
27/01/1997,88.62
28/01/1997,88.5
29/01/1997,89.62
30/01/1997,91.75
31/01/1997,92.5
03/02/1997,93.75
04/02/1997,96.25
05/02/1997,95
06/02/1997,95
07/02/1997,97.87
10/02/1997,97.5
11/02/1997,98.62
12/02/1997,99.62
13/02/1997,100.87
14/02/1997,101.75
18/02/1997,101.62
19/02/1997,104
20/02/1997,102.25
21/02/1997,102.5
24/02/1997,104.62
25/02/1997,105.87
26/02/1997,103.25
27/02/1997,100.87
28/02/1997,100.12
03/03/1997,102
04/03/1997,101.75
05/03/1997,103.75
06/03/1997,102.75
07/03/1997,106.5
10/03/1997,109.62
11/03/1997,106.25
12/03/1997,103.87
13/03/1997,99.12
14/03/1997,100.37
17/03/1997,102.75
18/03/1997,99.5
19/03/1997,101.37
20/03/1997,101.75
21/03/1997,102
24/03/1997,103.37
25/03/1997,101.75
26/03/1997,99.87
27/03/1997,96.37
31/03/1997,93.87
01/04/1997,95.62
02/04/1997,92.37
03/04/1997,93.5
04/04/1997,93.87
07/04/1997,94.25
08/04/1997,96.87
09/04/1997,95.5
10/04/1997,94.12
11/04/1997,90.25
14/04/1997,90.5
15/04/1997,92.62
16/04/1997,89.62
17/04/1997,89.87
18/04/1997,87.5
21/04/1997,85.5
22/04/1997,87.62
23/04/1997,86
24/04/1997,85.37
25/04/1997,85.37
28/04/1997,87.75
29/04/1997,90.5
30/04/1997,92.12
01/05/1997,92.75
02/05/1997,95.37
05/05/1997,97
06/05/1997,98.25
07/05/1997,95.37
08/05/1997,95.87
09/05/1997,97.87
12/05/1997,99
13/05/1997,97.12
14/05/1997,98.37
15/05/1997,97.12
16/05/1997,93.62
19/05/1997,92.62
20/05/1997,96.5
21/05/1997,93.12
22/05/1997,94.62
23/05/1997,95.12
27/05/1997,93.25
28/05/1997,93.62
29/05/1997,92.87
30/05/1997,94.5
02/06/1997,94.5
03/06/1997,97
04/06/1997,96.62
05/06/1997,97.5
06/06/1997,100.37
09/06/1997,97.62
10/06/1997,99.87
11/06/1997,99.37
12/06/1997,100.75
13/06/1997,101.37
16/06/1997,102
17/06/1997,102.37
18/06/1997,103
19/06/1997,103
20/06/1997,102.62
23/06/1997,100.12
24/06/1997,100.5
25/06/1997,99.69
26/06/1997,98.31
27/06/1997,97.62
30/06/1997,97.06
01/07/1997,99.5
02/07/1997,102.5
03/07/1997,103.25
07/07/1997,103
08/07/1997,103
09/07/1997,101.87
10/07/1997,101.37
11/07/1997,102.06
14/07/1997,102
15/07/1997,102.56
16/07/1997,102.75
17/07/1997,103.25
18/07/1997,102
21/07/1997,102
22/07/1997,105.5
23/07/1997,106
24/07/1997,107.12
25/07/1997,106.06
28/07/1997,106.25
29/07/1997,108.87
30/07/1997,112.5
31/07/1997,113.56
01/08/1997,112.31
04/08/1997,111
05/08/1997,109.56
06/08/1997,111.87
07/08/1997,109
08/08/1997,107.44
11/08/1997,108.75
12/08/1997,109
13/08/1997,111.25
14/08/1997,111.31
15/08/1997,109.87
18/08/1997,110
19/08/1997,111.5
20/08/1997,114.5
21/08/1997,114.12
22/08/1997,114
25/08/1997,113.69
26/08/1997,112.75
27/08/1997,113.62
28/08/1997,112.25
29/08/1997,111.19
02/09/1997,113.75
03/09/1997,114.19
04/09/1997,114.62
05/09/1997,114.5
08/09/1997,115.75
09/09/1997,115.62
10/09/1997,113.06
11/09/1997,111.37
12/09/1997,113
15/09/1997,112.5
16/09/1997,115.56
17/09/1997,117.62
18/09/1997,117.62
19/09/1997,117.56
22/09/1997,118.25
23/09/1997,117.56
24/09/1997,118.31
25/09/1997,115.5
26/09/1997,117.37
29/09/1997,118.44
30/09/1997,118
01/10/1997,119.56
02/10/1997,120.44
03/10/1997,122.62
06/10/1997,124.94
07/10/1997,126.37
08/10/1997,125.69
09/10/1997,125.56
10/10/1997,121.69
13/10/1997,121.94
14/10/1997,123.19
15/10/1997,123.37
16/10/1997,123.81
17/10/1997,121.69
20/10/1997,121.56
21/10/1997,123.69
22/10/1997,124.44
23/10/1997,122.62
24/10/1997,123.62
27/10/1997,116.94
28/10/1997,119.81
29/10/1997,120.25
30/10/1997,115.75
31/10/1997,115.44
03/11/1997,118.69
04/11/1997,118.94
05/11/1997,119.69
06/11/1997,120.06
07/11/1997,117.44
10/11/1997,114.06
11/11/1997,112.37
12/11/1997,106.75
13/11/1997,107.25
14/11/1997,103.62
17/11/1997,108.87
18/11/1997,107.25
19/11/1997,111.37
20/11/1997,112.37
21/11/1997,113.31
24/11/1997,110
25/11/1997,109.44
26/11/1997,108.25
28/11/1997,108.75
01/12/1997,115
02/12/1997,114
03/12/1997,114.75
04/12/1997,116.75
05/12/1997,117.19
08/12/1997,117.37
09/12/1997,115.87
10/12/1997,112.25
11/12/1997,110.31
12/12/1997,111.06
15/12/1997,112.25
16/12/1997,110.87
17/12/1997,112
18/12/1997,109.12
19/12/1997,108.12
22/12/1997,106.81
23/12/1997,105.44
24/12/1997,104.37
26/12/1997,106.69
29/12/1997,108.69
30/12/1997,109.62
31/12/1997,109.5
02/01/1998,110.62
05/01/1998,112.44
06/01/1998,107.19
07/01/1998,108.37
08/01/1998,104.19
09/01/1998,101.87
12/01/1998,102.62
13/01/1998,103.62
14/01/1998,104.37
15/01/1998,103.25
16/01/1998,105.5
20/01/1998,107.19
21/01/1998,105.12
22/01/1998,104.25
23/01/1998,103.25
26/01/1998,102.12
27/01/1998,105.25
28/01/1998,106
29/01/1998,106.81
30/01/1998,107.19
02/02/1998,111.19
03/02/1998,114.25
04/02/1998,114.5
05/02/1998,114.56
06/02/1998,116.94
09/02/1998,121
10/02/1998,119.87
11/02/1998,119.81
12/02/1998,119.37
13/02/1998,118.19
17/02/1998,120.75
18/02/1998,121.81
19/02/1998,119.62
20/02/1998,119.81
23/02/1998,121.19
24/02/1998,119.75
25/02/1998,122.37
26/02/1998,123.75
27/02/1998,124.06
02/03/1998,123.75
03/03/1998,125.31
04/03/1998,122.44
05/03/1998,120.5
06/03/1998,121.62
09/03/1998,118.56
10/03/1998,121.56
11/03/1998,124.69
12/03/1998,125.25
13/03/1998,125.25
16/03/1998,128.31
17/03/1998,134.75
18/03/1998,138.13
19/03/1998,135.25
20/03/1998,134.63
23/03/1998,132.69
24/03/1998,134.19
25/03/1998,133
26/03/1998,134.19
27/03/1998,134.13
30/03/1998,133.75
31/03/1998,134.88
01/04/1998,136
02/04/1998,139.31
03/04/1998,140.13
06/04/1998,147
07/04/1998,143.63
08/04/1998,140.25
09/04/1998,141.63
13/04/1998,146.38
14/04/1998,142.75
15/04/1998,140.06
16/04/1998,135.25
17/04/1998,137.25
20/04/1998,134.69
21/04/1998,139.13
22/04/1998,140.13
23/04/1998,136.5
24/04/1998,134.06
27/04/1998,132.63
28/04/1998,133.63
29/04/1998,135.13
30/04/1998,138.56
01/05/1998,140.88
04/05/1998,139.06
05/05/1998,137
06/05/1998,135.06
07/05/1998,136.25
08/05/1998,136.88
11/05/1998,138.56
12/05/1998,140.5
13/05/1998,139.5
14/05/1998,139.31
15/05/1998,142
18/05/1998,142.25
19/05/1998,144.88
20/05/1998,144.19
21/05/1998,143.75
22/05/1998,144.44
26/05/1998,139.31
27/05/1998,136.06
28/05/1998,136.44
29/05/1998,135.94
01/06/1998,134.06
02/06/1998,136.94
03/06/1998,135.63
04/06/1998,137.5
05/06/1998,140.25
08/06/1998,143.31
09/06/1998,141.56
10/06/1998,142
11/06/1998,140.06
12/06/1998,138.88
15/06/1998,68.19
16/06/1998,67.75
17/06/1998,69.62
18/06/1998,69.44
19/06/1998,70.37
22/06/1998,69.31
23/06/1998,70.19
24/06/1998,73.12
25/06/1998,72.37
26/06/1998,73.25
29/06/1998,75.62
30/06/1998,75.5
01/07/1998,75.5
02/07/1998,75.44
06/07/1998,77
07/07/1998,75
08/07/1998,73.62
09/07/1998,73.62
10/07/1998,74.5
13/07/1998,74.37
14/07/1998,75.5
15/07/1998,75.19
16/07/1998,75
17/07/1998,74.94
20/07/1998,75
21/07/1998,71.5
22/07/1998,72.94
23/07/1998,73.12
24/07/1998,73.62
27/07/1998,73.75
28/07/1998,73.37
29/07/1998,72.56
30/07/1998,74.62
31/07/1998,75.62
03/08/1998,74.81
04/08/1998,69.62
05/08/1998,71.37
06/08/1998,71.5
07/08/1998,69.19
10/08/1998,68.5
11/08/1998,65.75
12/08/1998,66.19
13/08/1998,64.12
14/08/1998,64.37
17/08/1998,66.5
18/08/1998,69.19
19/08/1998,67.87
20/08/1998,65.37
21/08/1998,63.69
24/08/1998,64.06
25/08/1998,64.12
26/08/1998,64.25
27/08/1998,58.13
28/08/1998,56.5
31/08/1998,52.5
01/09/1998,54.88
02/09/1998,54.88
03/09/1998,49.25
04/09/1998,45.38
08/09/1998,47.13
09/09/1998,44.63
10/09/1998,42.75
11/09/1998,46
14/09/1998,46.25
15/09/1998,49.13
16/09/1998,49.94
17/09/1998,47.88
18/09/1998,47.44
21/09/1998,46.81
22/09/1998,46.13
23/09/1998,50.13
24/09/1998,46.38
25/09/1998,45.5
28/09/1998,44.56
29/09/1998,45
30/09/1998,43.13
01/10/1998,40.72
02/10/1998,43.75
05/10/1998,41.5
06/10/1998,41.06
07/10/1998,40.25
08/10/1998,40.5
09/10/1998,42.81
12/10/1998,43.06
13/10/1998,42.69
14/10/1998,41.69
15/10/1998,47
16/10/1998,49.09
19/10/1998,51.25
20/10/1998,53.06
21/10/1998,54
22/10/1998,56.06
23/10/1998,55.69
26/10/1998,54.5
27/10/1998,52
28/10/1998,52.38
29/10/1998,54.13
30/10/1998,56.81
02/11/1998,56.5
03/11/1998,56.25
04/11/1998,58
05/11/1998,60.38
06/11/1998,61
09/11/1998,58.31
10/11/1998,57.19
11/11/1998,56.63
12/11/1998,55.13
13/11/1998,57.19
16/11/1998,57.88
17/11/1998,61.25
18/11/1998,61.81
19/11/1998,61.5
20/11/1998,61.94
23/11/1998,65
24/11/1998,64.81
25/11/1998,65.62
27/11/1998,65.44
30/11/1998,63.44
01/12/1998,62.13
02/12/1998,63
03/12/1998,61.25
04/12/1998,64.12
07/12/1998,65
08/12/1998,64.62
09/12/1998,63.81
10/12/1998,62.75
11/12/1998,60.88
14/12/1998,58.81
15/12/1998,60.75
16/12/1998,63.5
17/12/1998,69.87
18/12/1998,69.5
21/12/1998,72.25
22/12/1998,71.75
23/12/1998,71.25
24/12/1998,70.75
28/12/1998,71.37
29/12/1998,72
30/12/1998,72
31/12/1998,71
04/01/1999,71.87
05/01/1999,72.44
06/01/1999,74
07/01/1999,77.06
08/01/1999,75.5
11/01/1999,76.25
12/01/1999,73.87
13/01/1999,71.62
14/01/1999,68.25
15/01/1999,70.87
19/01/1999,74.37
20/01/1999,77.12
21/01/1999,75.37
22/01/1999,71.87
25/01/1999,74.44
26/01/1999,74.25
27/01/1999,73.12
28/01/1999,73.62
29/01/1999,76.94
01/02/1999,76.81
02/02/1999,76.81
03/02/1999,79.37
04/02/1999,77.94
05/02/1999,76.44
08/02/1999,73.12
09/02/1999,72
10/02/1999,73.06
11/02/1999,76.12
12/02/1999,74.06
16/02/1999,77.69
17/02/1999,77.25
18/02/1999,76.25
19/02/1999,76.06
22/02/1999,81
23/02/1999,81.87
24/02/1999,78.81
25/02/1999,79.5
26/02/1999,79.62
01/03/1999,80.75
02/03/1999,80.31
03/03/1999,80.69
04/03/1999,83.37
05/03/1999,86.87
08/03/1999,85.81
09/03/1999,87.94
10/03/1999,88.94
11/03/1999,88.19
12/03/1999,88
15/03/1999,87.25
16/03/1999,84.81
17/03/1999,82.37
18/03/1999,83.87
19/03/1999,82.5
22/03/1999,81.87
23/03/1999,79.56
24/03/1999,79.37
25/03/1999,81.5
26/03/1999,80.5
29/03/1999,82.25
30/03/1999,81.94
31/03/1999,81.37
01/04/1999,79.37
05/04/1999,78.75
06/04/1999,79.25
07/04/1999,84.37
08/04/1999,87.87
09/04/1999,85.56
12/04/1999,86.87
13/04/1999,87.37
14/04/1999,86.37
15/04/1999,85.56
16/04/1999,86.06
19/04/1999,85
20/04/1999,83
21/04/1999,83.44
22/04/1999,85.75
23/04/1999,85.12
26/04/1999,82.62
27/04/1999,85.56
28/04/1999,83.62
29/04/1999,83.87
30/04/1999,82.5
03/05/1999,82.75
04/05/1999,82.25
05/05/1999,80.19
06/05/1999,77.56
07/05/1999,78.37
10/05/1999,79
11/05/1999,80
12/05/1999,82.31
13/05/1999,84
14/05/1999,79.06
17/05/1999,78.62
18/05/1999,78.75
19/05/1999,80.19
20/05/1999,80.19
21/05/1999,78.94
24/05/1999,75.87
25/05/1999,73.81
26/05/1999,75.37
27/05/1999,72.75
28/05/1999,72.37
01/06/1999,72.12
02/06/1999,71.06
03/06/1999,71.62
04/06/1999,74.31
07/06/1999,76.75
08/06/1999,74.87
09/06/1999,73.81
10/06/1999,73.12
11/06/1999,73.25
14/06/1999,73.75
15/06/1999,75.12
16/06/1999,80.37
17/06/1999,79.44
18/06/1999,80.12
21/06/1999,83.5
22/06/1999,81.75
23/06/1999,80.25
24/06/1999,80
25/06/1999,81.19
28/06/1999,82.62
29/06/1999,82.62
30/06/1999,86.5
01/07/1999,85.94
02/07/1999,85.06
06/07/1999,86.06
07/07/1999,84.62
08/07/1999,85.5
09/07/1999,85.19
12/07/1999,84.12
13/07/1999,82.81
14/07/1999,81.75
15/07/1999,82.12
16/07/1999,81.81
19/07/1999,82.12
20/07/1999,80.87
21/07/1999,81.31
22/07/1999,83.31
23/07/1999,81.56
26/07/1999,82.87
27/07/1999,83.75
28/07/1999,82.94
29/07/1999,80.25
30/07/1999,77.06
02/08/1999,78.25
03/08/1999,78.81
04/08/1999,78.44
05/08/1999,78.62
06/08/1999,75.75
09/08/1999,75.62
10/08/1999,74.31
11/08/1999,76.94
12/08/1999,75.69
13/08/1999,79.12
16/08/1999,80.25
17/08/1999,83
18/08/1999,85
19/08/1999,82.44
20/08/1999,83.75
23/08/1999,85.69
24/08/1999,86.56
25/08/1999,85.5
26/08/1999,84
27/08/1999,83.12
30/08/1999,81.44
31/08/1999,83.69
01/09/1999,82.72
02/09/1999,80.75
03/09/1999,85
07/09/1999,81.37
08/09/1999,81.75
09/09/1999,77.5
10/09/1999,77.44
13/09/1999,77.69
14/09/1999,77.37
15/09/1999,77.44
16/09/1999,78
17/09/1999,77.56
20/09/1999,78.44
21/09/1999,75.94
22/09/1999,76.37
23/09/1999,75.25
24/09/1999,75.37
27/09/1999,74.12
28/09/1999,73.81
29/09/1999,73
30/09/1999,75.37
01/10/1999,74.06
04/10/1999,77.31
05/10/1999,75.62
06/10/1999,75.94
07/10/1999,74.56
08/10/1999,75.56
11/10/1999,73.81
12/10/1999,73.25
13/10/1999,71.19
14/10/1999,70.94
15/10/1999,66.5
18/10/1999,68.31
19/10/1999,71.12
20/10/1999,75.81
21/10/1999,77.62
22/10/1999,80.62
25/10/1999,77.94
26/10/1999,77.81
27/10/1999,82.75
28/10/1999,88.56
29/10/1999,87.25
01/11/1999,83.56
02/11/1999,83.69
03/11/1999,82.44
04/11/1999,84.12
05/11/1999,86.25
08/11/1999,84.37
09/11/1999,83.06
10/11/1999,80.56
11/11/1999,81.12
12/11/1999,85
15/11/1999,82.56
16/11/1999,86
17/11/1999,81.87
18/11/1999,83.37
19/11/1999,83
22/11/1999,81.87
23/11/1999,79.94
24/11/1999,79.56
26/11/1999,79.06
29/11/1999,76.94
30/11/1999,77.25
01/12/1999,77.39
02/12/1999,79.06
03/12/1999,82
06/12/1999,78.87
07/12/1999,78.62
08/12/1999,77.72
09/12/1999,77.87
10/12/1999,78.94
13/12/1999,78.53
14/12/1999,76.56
15/12/1999,75.5
16/12/1999,75
17/12/1999,72.75
20/12/1999,72.25
21/12/1999,75
22/12/1999,74.87
23/12/1999,77.5
27/12/1999,76.5
28/12/1999,76.44
29/12/1999,77.56
30/12/1999,78.06
31/12/1999,77.69
03/01/2000,72.87
04/01/2000,70.87
05/01/2000,70.44
06/01/2000,71.44
07/01/2000,72.75
10/01/2000,71.5
11/01/2000,69.81
12/01/2000,70.25
13/01/2000,71.31
14/01/2000,73.87
18/01/2000,71
19/01/2000,74.12
20/01/2000,74.06
21/01/2000,72.94
24/01/2000,73
25/01/2000,74.62
26/01/2000,78.44
27/01/2000,80.69
28/01/2000,76.69
31/01/2000,80.69
01/02/2000,83.75
02/02/2000,82.37
03/02/2000,83.19
04/02/2000,81.75
07/02/2000,82.19
08/02/2000,85.06
09/02/2000,82.87
10/02/2000,83.12
11/02/2000,82.62
14/02/2000,79.06
15/02/2000,81.06
16/02/2000,79.5
17/02/2000,78.37
18/02/2000,74.75
22/02/2000,77.25
23/02/2000,77.37
24/02/2000,76
25/02/2000,75.87
28/02/2000,77.94
29/02/2000,79.62
01/03/2000,82
02/03/2000,80.56
03/03/2000,81.12
06/03/2000,83.44
07/03/2000,81.81
08/03/2000,79
09/03/2000,81.12
10/03/2000,78.69
13/03/2000,80.06
14/03/2000,79
15/03/2000,83.12
16/03/2000,90.12
17/03/2000,91
20/03/2000,86.56
21/03/2000,92
22/03/2000,91.56
23/03/2000,98.5
24/03/2000,96.19
27/03/2000,94.69
28/03/2000,94.25
29/03/2000,90.37
30/03/2000,87
31/03/2000,87.19
03/04/2000,92.5
04/04/2000,86.75
05/04/2000,86.37
06/04/2000,87.44
07/04/2000,86.37
10/04/2000,88.12
11/04/2000,86
12/04/2000,86.81
13/04/2000,84.5
14/04/2000,78.87
17/04/2000,78.62
18/04/2000,80.5
19/04/2000,78
20/04/2000,77.31
24/04/2000,74.75
25/04/2000,78.06
26/04/2000,76.44
27/04/2000,73.87
28/04/2000,72.12
01/05/2000,73.75
02/05/2000,76.12
03/05/2000,74.25
04/05/2000,73.25
05/05/2000,72.19
08/05/2000,72
09/05/2000,70.87
10/05/2000,68.75
11/05/2000,70
12/05/2000,71.62
15/05/2000,74.62
16/05/2000,74.25
17/05/2000,74
18/05/2000,75.12
19/05/2000,72.5
22/05/2000,72.19
23/05/2000,73.12
24/05/2000,71.62
25/05/2000,70.25
26/05/2000,70.5
30/05/2000,73.5
31/05/2000,74.69
01/06/2000,77.12
02/06/2000,80.69
05/06/2000,79.37
06/06/2000,77
07/06/2000,76.87
08/06/2000,76.5
09/06/2000,73.31
12/06/2000,48.59
13/06/2000,48.19
14/06/2000,50.06
15/06/2000,48.81
16/06/2000,45.44
19/06/2000,46.88
20/06/2000,47.94
21/06/2000,47
22/06/2000,46.38
23/06/2000,46.88
26/06/2000,47.56
27/06/2000,47.94
28/06/2000,47.05
29/06/2000,47.63
30/06/2000,46.06
03/07/2000,47.56
05/07/2000,47.75
06/07/2000,48
07/07/2000,50.06
10/07/2000,49.75
11/07/2000,50.69
12/07/2000,50.56
13/07/2000,50.75
14/07/2000,52.5
17/07/2000,52.03
18/07/2000,50.94
19/07/2000,50.69
20/07/2000,51.31
21/07/2000,52.73
24/07/2000,51.56
25/07/2000,51.25
26/07/2000,49.38
27/07/2000,49.88
28/07/2000,48.38
31/07/2000,49.81
01/08/2000,51.63
02/08/2000,51.44
03/08/2000,50.25
04/08/2000,52.44
07/08/2000,53.56
08/08/2000,53.5
09/08/2000,52.31
10/08/2000,51.88
11/08/2000,52
14/08/2000,52.75
15/08/2000,51.81
16/08/2000,50.38
17/08/2000,50.69
18/08/2000,50.75
21/08/2000,50.94
22/08/2000,52.75
23/08/2000,54.31
24/08/2000,53.25
25/08/2000,52.06
28/08/2000,52.69
29/08/2000,51.88
30/08/2000,53.25
31/08/2000,55.88
01/09/2000,56.31
05/09/2000,57.13
06/09/2000,56
07/09/2000,57.25
08/09/2000,57.81
11/09/2000,57.5
12/09/2000,52.81
13/09/2000,50.69
14/09/2000,50
15/09/2000,49.13
18/09/2000,46.56
19/09/2000,46.88
20/09/2000,46.5
21/09/2000,44.63
22/09/2000,47.25
25/09/2000,47
26/09/2000,46.06
27/09/2000,45.5
28/09/2000,46.88
29/09/2000,46.19
02/10/2000,47.5
03/10/2000,46.75
04/10/2000,45.56
05/10/2000,44.44
06/10/2000,42.88
09/10/2000,42.06
10/10/2000,40.81
11/10/2000,40.69
12/10/2000,37.81
13/10/2000,39.69
16/10/2000,39.56
17/10/2000,37.94
18/10/2000,36.88
19/10/2000,38.94
20/10/2000,38.38
23/10/2000,38.38
24/10/2000,40.06
25/10/2000,40
26/10/2000,40
27/10/2000,42.69
30/10/2000,43.75
31/10/2000,45.5
01/11/2000,45.69
02/11/2000,45.5
03/11/2000,44.44
06/11/2000,45.5
07/11/2000,44.94
08/11/2000,43.56
09/11/2000,44.13
10/11/2000,42.81
13/11/2000,42.13
14/11/2000,42.56
15/11/2000,40.75
16/11/2000,40.88
17/11/2000,39.63
20/11/2000,38.56
21/11/2000,38.69
22/11/2000,37.44
24/11/2000,39.13
27/11/2000,39.38
28/11/2000,38
29/11/2000,37.94
30/11/2000,36.88
01/12/2000,37.31
04/12/2000,37.94
05/12/2000,41.31
06/12/2000,40.06
07/12/2000,39.19
08/12/2000,40
11/12/2000,42.5
12/12/2000,43
13/12/2000,44.5
14/12/2000,42.88
15/12/2000,43.94
18/12/2000,45.38
19/12/2000,44.81
20/12/2000,43.5
21/12/2000,45.19
22/12/2000,45.63
26/12/2000,45.75
27/12/2000,46.38
28/12/2000,46.94
29/12/2000,45.44
02/01/2001,44
03/01/2001,50.63
04/01/2001,52
05/01/2001,48.94
08/01/2001,49.25
09/01/2001,48.69
10/01/2001,50.94
11/01/2001,54.13
12/01/2001,53.31
16/01/2001,53.19
17/01/2001,53
18/01/2001,51.44
19/01/2001,50.56
22/01/2001,50.88
23/01/2001,51.69
24/01/2001,53.25
25/01/2001,53.06
26/01/2001,54.19
29/01/2001,55.12
30/01/2001,55.98
31/01/2001,54.99
01/02/2001,55.85
02/02/2001,54.64
05/02/2001,54.6
06/02/2001,52.28
07/02/2001,52.33
08/02/2001,51.68
09/02/2001,51.95
12/02/2001,52.55
13/02/2001,51.14
14/02/2001,51.19
15/02/2001,51.11
16/02/2001,51.99
20/02/2001,49.95
21/02/2001,47.35
22/02/2001,48.3
23/02/2001,47.05
26/02/2001,48.55
27/02/2001,47.6
28/02/2001,46.66
01/03/2001,46.11
02/03/2001,45.8
05/03/2001,46.76
06/03/2001,47.96
07/03/2001,50.25
08/03/2001,50.24
09/03/2001,48.95
12/03/2001,45.49
13/03/2001,47.4
14/03/2001,43.75
15/03/2001,45.26
16/03/2001,44.58
19/03/2001,45.15
20/03/2001,42.59
21/03/2001,40.2
22/03/2001,38.91
23/03/2001,41.71
26/03/2001,42.11
27/03/2001,43.36
28/03/2001,42.55
29/03/2001,43
30/03/2001,44.9
02/04/2001,44.6
03/04/2001,41.6
04/04/2001,40.49
05/04/2001,42.5
06/04/2001,40.39
09/04/2001,40.42
10/04/2001,43.3
11/04/2001,44.74
12/04/2001,45.37
16/04/2001,45.5
17/04/2001,45.37
18/04/2001,49.1
19/04/2001,48.8
20/04/2001,47.8
23/04/2001,47.3
24/04/2001,47.4
25/04/2001,47.48
26/04/2001,48.5
27/04/2001,49.85
30/04/2001,47.98
01/05/2001,48.73
02/05/2001,49.57
03/05/2001,49
04/05/2001,50.6
07/05/2001,49.2
08/05/2001,47.75
09/05/2001,47.25
10/05/2001,47.51
11/05/2001,46.44
14/05/2001,47.64
15/05/2001,47.28
16/05/2001,48.31
17/05/2001,48.19
18/05/2001,48.16
21/05/2001,49.43
22/05/2001,50.02
23/05/2001,48.92
24/05/2001,49.34
25/05/2001,48.7
29/05/2001,49.33
30/05/2001,48.62
31/05/2001,49.15
01/06/2001,48.89
04/06/2001,49.5
05/06/2001,48.5
06/06/2001,46.84
07/06/2001,45.63
08/06/2001,44.2
11/06/2001,44.18
12/06/2001,43.49
13/06/2001,43.9
14/06/2001,43.59
15/06/2001,44.9
18/06/2001,44.31
19/06/2001,44.52
20/06/2001,45.6
21/06/2001,47.12
22/06/2001,45.9
25/06/2001,45.82
26/06/2001,44.68
27/06/2001,44.02
28/06/2001,45
29/06/2001,44.47
02/07/2001,45.8
03/07/2001,45.65
05/07/2001,45.53
06/07/2001,44.51
09/07/2001,43.99
10/07/2001,42.01
11/07/2001,42.05
12/07/2001,42.54
13/07/2001,42.55
16/07/2001,41.2
17/07/2001,42.3
18/07/2001,43.58
19/07/2001,43.7
20/07/2001,43.4
23/07/2001,43.01
24/07/2001,42.68
25/07/2001,42.9
26/07/2001,43.24
27/07/2001,44.21
30/07/2001,43.81
31/07/2001,43.3
01/08/2001,43.5
02/08/2001,43.5
03/08/2001,43.32
06/08/2001,42.76
07/08/2001,42.77
08/08/2001,42.08
09/08/2001,41.9
10/08/2001,42.25
13/08/2001,42.12
14/08/2001,42.25
15/08/2001,42.15
16/08/2001,42.18
17/08/2001,41.48
20/08/2001,41.09
21/08/2001,40.41
22/08/2001,41.2
23/08/2001,40.72
24/08/2001,40.93
27/08/2001,41.1
28/08/2001,40.49
29/08/2001,39.57
30/08/2001,39.24
31/08/2001,39.4
04/09/2001,39.83
05/09/2001,38.35
06/09/2001,36.94
07/09/2001,37
10/09/2001,37.26
17/09/2001,35.25
18/09/2001,34.84
19/09/2001,34.11
20/09/2001,31.56
21/09/2001,30.82
24/09/2001,32.58
25/09/2001,33.25
26/09/2001,32.59
27/09/2001,33.12
28/09/2001,34.15
01/10/2001,34
02/10/2001,34.99
03/10/2001,34.67
04/10/2001,34.16
05/10/2001,33.41
08/10/2001,32.44
09/10/2001,32.95
10/10/2001,33.39
11/10/2001,33.42
12/10/2001,32.89
15/10/2001,33.55
16/10/2001,33.94
17/10/2001,34.6
18/10/2001,34.14
19/10/2001,33.87
22/10/2001,35.31
23/10/2001,35.76
24/10/2001,36.22
25/10/2001,37.48
26/10/2001,37.55
29/10/2001,35.71
30/10/2001,35.51
31/10/2001,35.36
01/11/2001,36.34
02/11/2001,36.04
05/11/2001,36.36
06/11/2001,37.54
07/11/2001,38.59
08/11/2001,38.8
09/11/2001,39.05
12/11/2001,38.8
13/11/2001,39.35
14/11/2001,39.65
15/11/2001,39.55
16/11/2001,39.41
19/11/2001,40.1
20/11/2001,39.4
21/11/2001,38.84
23/11/2001,39.39
26/11/2001,39.49
27/11/2001,39.8
28/11/2001,37.5
29/11/2001,38.06
30/11/2001,37.72
03/12/2001,36.55
04/12/2001,37.22
05/12/2001,39.02
06/12/2001,40.38
07/12/2001,39.77
10/12/2001,38.68
11/12/2001,38.5
12/12/2001,38.37
13/12/2001,37.09
14/12/2001,36.04
17/12/2001,36.7
18/12/2001,37.19
19/12/2001,38
20/12/2001,36.52
21/12/2001,35.75
24/12/2001,36.04
26/12/2001,36.31
27/12/2001,36.32
28/12/2001,36.55
31/12/2001,36.35
02/01/2002,36.35
03/01/2002,37.32
04/01/2002,39
07/01/2002,38.9
08/01/2002,38.6
09/01/2002,38.71
10/01/2002,39.14
11/01/2002,38.34
14/01/2002,37.31
15/01/2002,37.87
16/01/2002,36.51
17/01/2002,36.85
18/01/2002,35.91
22/01/2002,35.76
23/01/2002,35.75
24/01/2002,35.9
25/01/2002,34.99
28/01/2002,34.31
29/01/2002,32.05
30/01/2002,33.06
31/01/2002,34.05
01/02/2002,32.16
04/02/2002,30.56
05/02/2002,29.02
06/02/2002,29.44
07/02/2002,30.07
08/02/2002,31.12
11/02/2002,31.84
12/02/2002,31.49
13/02/2002,30.25
14/02/2002,30.21
15/02/2002,30.05
19/02/2002,29.03
20/02/2002,29.41
21/02/2002,29.14
22/02/2002,28.19
25/02/2002,29
26/02/2002,28.96
27/02/2002,28.96
28/02/2002,29.25
01/03/2002,29.66
04/03/2002,32.5
05/03/2002,32.51
06/03/2002,34.05
07/03/2002,34.05
08/03/2002,34.74
11/03/2002,36.3
12/03/2002,36.25
13/03/2002,35.37
14/03/2002,35.11
15/03/2002,36.01
18/03/2002,35.34
19/03/2002,36.09
20/03/2002,35.19
21/03/2002,34.79
22/03/2002,35.2
25/03/2002,34.95
26/03/2002,35.15
27/03/2002,35.5
28/03/2002,35.65
01/04/2002,35.61
02/04/2002,35.31
03/04/2002,35.01
04/04/2002,34.44
05/04/2002,34.86
08/04/2002,34.98
09/04/2002,35.19
10/04/2002,35.04
11/04/2002,33.46
12/04/2002,34.28
15/04/2002,34.4
16/04/2002,35.38
17/04/2002,37.27
18/04/2002,37.26
19/04/2002,37.76
22/04/2002,36.6
23/04/2002,36.6
24/04/2002,35.89
25/04/2002,35.03
26/04/2002,34.99
29/04/2002,34.34
30/04/2002,35.1
01/05/2002,35.5
02/05/2002,36.25
03/05/2002,35.68
06/05/2002,34.4
07/05/2002,34.63
08/05/2002,36.91
09/05/2002,35.77
10/05/2002,35.08
13/05/2002,36.34
14/05/2002,37.59
15/05/2002,36.96
16/05/2002,37.83
17/05/2002,38.1
20/05/2002,37.46
21/05/2002,37.52
22/05/2002,37.56
23/05/2002,38.37
24/05/2002,37.8
28/05/2002,37.2
29/05/2002,36.97
30/05/2002,36.01
31/05/2002,35.95
03/06/2002,34.66
04/06/2002,34.65
05/06/2002,34.7
06/06/2002,33.69
07/06/2002,33.69
10/06/2002,33.88
11/06/2002,32.93
12/06/2002,33.17
13/06/2002,32.66
14/06/2002,33
17/06/2002,35.48
18/06/2002,35.02
19/06/2002,34.61
20/06/2002,33.38
21/06/2002,32.99
24/06/2002,33.18
25/06/2002,32.93
26/06/2002,31.49
27/06/2002,32.72
28/06/2002,33.92
01/07/2002,31.36
02/07/2002,31.23
03/07/2002,30.95
05/07/2002,32.59
08/07/2002,32.28
09/07/2002,31.27
10/07/2002,30.15
11/07/2002,30.57
12/07/2002,30.21
15/07/2002,30.08
16/07/2002,28.5
17/07/2002,28.14
18/07/2002,27.2
19/07/2002,26.1
22/07/2002,24.52
23/07/2002,20.08
24/07/2002,23.3
25/07/2002,22.35
26/07/2002,22.25
29/07/2002,25.1
30/07/2002,24.89
31/07/2002,24.96
01/08/2002,25.02
02/08/2002,23.85
05/08/2002,22.35
06/08/2002,23.65
07/08/2002,24.04
08/08/2002,26.38
09/08/2002,26.35
12/08/2002,25.46
13/08/2002,24.4
14/08/2002,25.14
15/08/2002,24.79
16/08/2002,24.86
19/08/2002,27.21
20/08/2002,26.54
21/08/2002,26.88
22/08/2002,26.69
23/08/2002,25.71
26/08/2002,26.49
27/08/2002,26.75
28/08/2002,26.28
29/08/2002,26.6
30/08/2002,26.4
03/09/2002,24.75
04/09/2002,25.39
05/09/2002,24.1
06/09/2002,23.91
09/09/2002,23.59
10/09/2002,23.15
11/09/2002,22.98
12/09/2002,22.01
13/09/2002,22.04
16/09/2002,21.71
17/09/2002,21.55
18/09/2002,20.44
19/09/2002,19.87
20/09/2002,20.18
23/09/2002,19.25
24/09/2002,18.64
25/09/2002,18.89
26/09/2002,19.27
27/09/2002,18.34
30/09/2002,18.99
01/10/2002,19.74
02/10/2002,18.25
03/10/2002,17.62
04/10/2002,16.54
07/10/2002,16.77
08/10/2002,16.6
09/10/2002,15.45
10/10/2002,15.95
11/10/2002,17.19
14/10/2002,16.88
15/10/2002,18.61
16/10/2002,18.29
17/10/2002,18.79
18/10/2002,18.97
21/10/2002,20.27
22/10/2002,19.91
23/10/2002,19.77
24/10/2002,19.7
25/10/2002,20.37
28/10/2002,21.25
29/10/2002,20.46
30/10/2002,21.05
31/10/2002,20.75
01/11/2002,21.52
04/11/2002,22.01
05/11/2002,22.47
06/11/2002,22.06
07/11/2002,20.6
08/11/2002,20.2
11/11/2002,20.42
12/11/2002,20.54
13/11/2002,20.95
14/11/2002,21.92
15/11/2002,22.09
18/11/2002,21.89
19/11/2002,21.95
20/11/2002,23.72
21/11/2002,24.89
22/11/2002,24.99
25/11/2002,24.95
26/11/2002,24.19
27/11/2002,25.19
29/11/2002,25.17
02/12/2002,25.22
03/12/2002,24.61
04/12/2002,24.7
05/12/2002,23.61
06/12/2002,24.43
09/12/2002,23.26
10/12/2002,24.15
11/12/2002,24.09
12/12/2002,24.15
13/12/2002,23.62
16/12/2002,24.8
17/12/2002,25.02
18/12/2002,24
19/12/2002,23.33
20/12/2002,24.87
23/12/2002,24.71
24/12/2002,24.2
26/12/2002,24.45
27/12/2002,23.8
30/12/2002,23.99
31/12/2002,24
02/01/2003,25.44
03/01/2003,25.94
06/01/2003,27.98
07/01/2003,27.84
08/01/2003,26.77
09/01/2003,27.3
10/01/2003,27.09
13/01/2003,27.28
14/01/2003,27.59
15/01/2003,27.08
16/01/2003,26.78
17/01/2003,26.19
21/01/2003,25.42
22/01/2003,24.7
23/01/2003,25.13
24/01/2003,23.81
27/01/2003,23.29
28/01/2003,23.51
29/01/2003,23.5
30/01/2003,23.04
31/01/2003,23.34
03/02/2003,23.58
04/02/2003,23.05
05/02/2003,22.94
06/02/2003,22.31
07/02/2003,21.98
10/02/2003,22.1
11/02/2003,22
12/02/2003,21.51
13/02/2003,21.29
14/02/2003,21.85
18/02/2003,22.5
19/02/2003,22.5
20/02/2003,22.69
21/02/2003,22.88
24/02/2003,22.3
25/02/2003,22.55
26/02/2003,22.34
27/02/2003,22.66
28/02/2003,22.68
03/03/2003,22.85
04/03/2003,22.4
05/03/2003,22.81
06/03/2003,22
07/03/2003,22.29
10/03/2003,21.44
11/03/2003,20.75
12/03/2003,20.75
13/03/2003,21.72
14/03/2003,21.26
17/03/2003,22.56
18/03/2003,22.81
19/03/2003,23.33
20/03/2003,23.53
21/03/2003,24.65
24/03/2003,23.63
25/03/2003,24.14
26/03/2003,24.17
27/03/2003,24.12
28/03/2003,24.45
31/03/2003,23.71
01/04/2003,24.23
02/04/2003,25.11
03/04/2003,24.94
04/04/2003,25.58
07/04/2003,25.64
08/04/2003,25.99
09/04/2003,25.73
10/04/2003,25.72
11/04/2003,25.59
14/04/2003,26.54
15/04/2003,26.87
16/04/2003,26.5
17/04/2003,27.31
21/04/2003,27.45
22/04/2003,28.68
23/04/2003,29.44
24/04/2003,28.56
25/04/2003,27.96
28/04/2003,28.81
29/04/2003,29.14
30/04/2003,29.35
01/05/2003,29.28
02/05/2003,29.86
05/05/2003,30.36
06/05/2003,30.71
07/05/2003,30.82
08/05/2003,29.96
09/05/2003,30.08
12/05/2003,30.94
13/05/2003,30.72
14/05/2003,30.49
15/05/2003,31.04
16/05/2003,31.25
19/05/2003,30.42
20/05/2003,30.43
21/05/2003,30.55
22/05/2003,30.49
23/05/2003,30.9
27/05/2003,32.05
28/05/2003,32.55
29/05/2003,32.27
30/05/2003,32.86
02/06/2003,33.92
03/06/2003,33.82
04/06/2003,34.69
05/06/2003,35.1
06/06/2003,35.13
09/06/2003,33.76
10/06/2003,34.08
11/06/2003,34.54
12/06/2003,34.7
13/06/2003,34.7
16/06/2003,35.95
17/06/2003,36.09
18/06/2003,35.07
19/06/2003,34.45
20/06/2003,34.8
23/06/2003,33.85
24/06/2003,34.3
25/06/2003,33.99
26/06/2003,34.4
27/06/2003,33.9
30/06/2003,34.18
01/07/2003,34.21
02/07/2003,34.37
03/07/2003,34.13
07/07/2003,35.07
08/07/2003,35.4
09/07/2003,35.66
10/07/2003,35.01
11/07/2003,35.76
14/07/2003,37.3
15/07/2003,37.29
16/07/2003,36.25
17/07/2003,35.04
18/07/2003,35.33
21/07/2003,34.43
22/07/2003,34.94
23/07/2003,34.86
24/07/2003,34.58
25/07/2003,35.47
28/07/2003,35.49
29/07/2003,35.24
30/07/2003,35.06
31/07/2003,35.05
01/08/2003,33.36
04/08/2003,33.73
05/08/2003,32.76
06/08/2003,32.99
07/08/2003,32.85
08/08/2003,32.99
11/08/2003,33.22
12/08/2003,33.64
13/08/2003,33.43
14/08/2003,33.9
15/08/2003,33.66
18/08/2003,34.05
19/08/2003,34.19
20/08/2003,34.83
21/08/2003,34.6
22/08/2003,33.92
25/08/2003,33.74
26/08/2003,33.38
27/08/2003,33.26
28/08/2003,33.91
29/08/2003,34.22
02/09/2003,34.7
03/09/2003,34.86
04/09/2003,34.68
05/09/2003,34.19
08/09/2003,34.65
09/09/2003,34.26
10/09/2003,33.38
11/09/2003,33.68
12/09/2003,34
15/09/2003,33.97
16/09/2003,34.6
17/09/2003,34.66
18/09/2003,35.74
19/09/2003,35.49
22/09/2003,34.99
23/09/2003,35.45
24/09/2003,34.87
25/09/2003,34.48
26/09/2003,34.19
29/09/2003,34.65
30/09/2003,34.33
01/10/2003,35.38
02/10/2003,35.02
03/10/2003,35.17
06/10/2003,35.55
07/10/2003,36.09
08/10/2003,35.61
09/10/2003,35.7
10/10/2003,35.52
13/10/2003,36.44
14/10/2003,36.78
15/10/2003,36.6
16/10/2003,36.84
17/10/2003,36.34
20/10/2003,36.6
21/10/2003,36.67
22/10/2003,34.98
23/10/2003,35
24/10/2003,34.77
27/10/2003,34.95
28/10/2003,35.55
29/10/2003,35.93
30/10/2003,35.84
31/10/2003,35.9
03/11/2003,36.71
04/11/2003,36.6
05/11/2003,36.53
06/11/2003,36.31
07/11/2003,36.04
10/11/2003,35.89
11/11/2003,36.04
12/11/2003,35.89
13/11/2003,35.86
14/11/2003,35.46
17/11/2003,35.41
18/11/2003,34.89
19/11/2003,34.76
20/11/2003,34.63
21/11/2003,35
24/11/2003,35.27
25/11/2003,35.53
26/11/2003,35.51
28/11/2003,35.4
01/12/2003,35.66
02/12/2003,35.81
03/12/2003,35.8
04/12/2003,35.39
05/12/2003,34.96
08/12/2003,35.46
09/12/2003,34.83
10/12/2003,34.67
11/12/2003,34.98
12/12/2003,35.09
15/12/2003,35.26
16/12/2003,35.72
17/12/2003,35.66
18/12/2003,35.65
19/12/2003,35.78
22/12/2003,36.1
23/12/2003,36.17
24/12/2003,36.13
26/12/2003,36.22
29/12/2003,36.53
30/12/2003,36.6
31/12/2003,36.73
02/01/2004,36.62
05/01/2004,36.55
06/01/2004,37.47
07/01/2004,38.02
08/01/2004,38.67
09/01/2004,38.76
12/01/2004,38.79
13/01/2004,38.9
14/01/2004,39.22
15/01/2004,38.92
16/01/2004,39.27
20/01/2004,39.09
21/01/2004,40.1
22/01/2004,39.94
23/01/2004,39.6
26/01/2004,40.26
27/01/2004,40.03
28/01/2004,39.12
29/01/2004,39.05
30/01/2004,38.89
02/02/2004,39.01
03/02/2004,39.13
04/02/2004,38.92
05/02/2004,38.96
06/02/2004,39.73
09/02/2004,39.51
10/02/2004,39.48
11/02/2004,40.27
12/02/2004,40.36
13/02/2004,40.16
17/02/2004,40.66
18/02/2004,40.48
19/02/2004,40.82
20/02/2004,40.57
23/02/2004,40.31
24/02/2004,40.2
25/02/2004,40.35
26/02/2004,40.56
27/02/2004,41.02
01/03/2004,41.53
02/03/2004,41.67
03/03/2004,42.1
04/03/2004,42.6
05/03/2004,43.01
08/03/2004,42.94
09/03/2004,42.47
10/03/2004,42.03
11/03/2004,41.31
12/03/2004,41.52
15/03/2004,40.93
16/03/2004,41.33
17/03/2004,42.28
18/03/2004,42.02
19/03/2004,41.33
22/03/2004,40.8
23/03/2004,40.98
24/03/2004,40.74
25/03/2004,41.5
26/03/2004,41.25
29/03/2004,42.06
30/03/2004,41.98
31/03/2004,41.95
01/04/2004,42.26
02/04/2004,41.53
05/04/2004,41.75
06/04/2004,41.5
07/04/2004,41.37
08/04/2004,41.15
12/04/2004,41.56
13/04/2004,40.04
14/04/2004,39.27
15/04/2004,38.77
16/04/2004,39.26
19/04/2004,39.36
20/04/2004,38.54
21/04/2004,37.68
22/04/2004,38.38
23/04/2004,38.3
26/04/2004,38.55
27/04/2004,38.62
28/04/2004,37.93
29/04/2004,37.65
30/04/2004,37.6
03/05/2004,37.86
04/05/2004,38.31
05/05/2004,38.05
06/05/2004,37.6
07/05/2004,36.48
10/05/2004,35.41
11/05/2004,35.19
12/05/2004,35.77
13/05/2004,35.75
14/05/2004,35.66
17/05/2004,35.31
18/05/2004,35.57
19/05/2004,35.74
20/05/2004,35.91
21/05/2004,36.08
24/05/2004,36.08
25/05/2004,36.84
26/05/2004,36.83
27/05/2004,36.95
28/05/2004,36.84
01/06/2004,36.85
02/06/2004,37.3
03/06/2004,36.96
04/06/2004,37.28
07/06/2004,38.14
08/06/2004,38.06
09/06/2004,37.68
10/06/2004,37.8
14/06/2004,37.57
15/06/2004,37.25
16/06/2004,37.32
17/06/2004,37.32
18/06/2004,37.23
21/06/2004,37
22/06/2004,36.96
23/06/2004,37.62
24/06/2004,37.77
25/06/2004,37.99
28/06/2004,37.95
29/06/2004,38.29
30/06/2004,38.77
01/07/2004,38.17
02/07/2004,38.08
06/07/2004,37.25
07/07/2004,36.86
08/07/2004,36.75
09/07/2004,36.83
12/07/2004,36.9
13/07/2004,37.14
14/07/2004,36.45
15/07/2004,36
16/07/2004,35.87
19/07/2004,36
20/07/2004,36.4
21/07/2004,36.82
22/07/2004,36.78
23/07/2004,36.53
26/07/2004,36.47
27/07/2004,36.91
28/07/2004,37.07
29/07/2004,37.14
30/07/2004,37.33
02/08/2004,37.41
03/08/2004,37.07
04/08/2004,37.21
05/08/2004,36.28
06/08/2004,36.09
09/08/2004,36.07
10/08/2004,36.99
11/08/2004,36.9
12/08/2004,36.86
13/08/2004,36.87
16/08/2004,37.74
17/08/2004,37.93
18/08/2004,38.32
19/08/2004,38
20/08/2004,38.65
23/08/2004,38.55
24/08/2004,38.59
25/08/2004,39.44
26/08/2004,39.45
27/08/2004,39.72
30/08/2004,39.1
31/08/2004,39.58
01/09/2004,39.26
02/09/2004,39.86
03/09/2004,39.85
07/09/2004,39.87
08/09/2004,39.37
09/09/2004,39.74
10/09/2004,39.8
13/09/2004,39.16
14/09/2004,39.49
15/09/2004,39.08
16/09/2004,39.58
17/09/2004,39.65
20/09/2004,39.38
21/09/2004,40.1
22/09/2004,39.85
23/09/2004,39.46
24/09/2004,39.75
27/09/2004,39.13
28/09/2004,39.38
29/09/2004,39.68
30/09/2004,39.73
01/10/2004,40.34
04/10/2004,39.76
05/10/2004,39.46
06/10/2004,39.49
07/10/2004,39.53
08/10/2004,39.65
11/10/2004,39.38
12/10/2004,39.51
13/10/2004,39.24
14/10/2004,38.53
15/10/2004,38.74
18/10/2004,39
19/10/2004,37.98
20/10/2004,37.25
21/10/2004,37.7
22/10/2004,37.47
25/10/2004,37.02
26/10/2004,37.49
27/10/2004,38.02
28/10/2004,38.48
29/10/2004,38.6
01/11/2004,38.5
02/11/2004,38.55
03/11/2004,38.85
04/11/2004,39.64
05/11/2004,39.35
08/11/2004,39.28
09/11/2004,39.11
10/11/2004,38.95
11/11/2004,39.18
12/11/2004,39.17
15/11/2004,39.16
16/11/2004,38.47
17/11/2004,38.27
18/11/2004,37.82
19/11/2004,37.42
22/11/2004,37.55
23/11/2004,37.56
24/11/2004,37.7
26/11/2004,37.69
29/11/2004,37.31
30/11/2004,37.65
01/12/2004,38.28
02/12/2004,38.44
03/12/2004,38.06
06/12/2004,38.12
07/12/2004,37.81
08/12/2004,37.55
09/12/2004,37.69
10/12/2004,37.63
13/12/2004,38.25
14/12/2004,38.74
15/12/2004,39.03
16/12/2004,38.93
17/12/2004,38.52
20/12/2004,38.6
21/12/2004,39.07
22/12/2004,39.03
23/12/2004,39.16
27/12/2004,39.01
28/12/2004,39.21
29/12/2004,39.16
30/12/2004,39.08
31/12/2004,39.01
03/01/2005,39.15
04/01/2005,38.41
05/01/2005,38.49
06/01/2005,38.71
07/01/2005,38.4
10/01/2005,38.27
11/01/2005,37.9
12/01/2005,37.99
13/01/2005,37.77
14/01/2005,37.81
18/01/2005,38.4
19/01/2005,37.84
20/01/2005,37.25
21/01/2005,36.85
24/01/2005,36.88
25/01/2005,36.86
26/01/2005,36.83
27/01/2005,36.75
28/01/2005,37
31/01/2005,37.33
01/02/2005,37.5
02/02/2005,37.52
03/02/2005,37.39
04/02/2005,37.69
07/02/2005,37.97
08/02/2005,37.76
09/02/2005,37.5
10/02/2005,37.45
11/02/2005,37.48
14/02/2005,37.5
15/02/2005,37.55
16/02/2005,37.33
17/02/2005,36.78
18/02/2005,36.51
22/02/2005,35.93
23/02/2005,36.48
24/02/2005,36.68
25/02/2005,36.97
28/02/2005,36.55
01/03/2005,37.09
02/03/2005,36.99
03/03/2005,37.01
04/03/2005,37.51
07/03/2005,37.34
08/03/2005,36.94
09/03/2005,36.47
10/03/2005,36.36
11/03/2005,36.11
14/03/2005,36.45
15/03/2005,36.25
16/03/2005,36.25
17/03/2005,36.15
18/03/2005,36.01
21/03/2005,35.79
22/03/2005,35.06
23/03/2005,34.93
24/03/2005,34.93
28/03/2005,34.85
29/03/2005,34.58
30/03/2005,34.95
31/03/2005,34.6
01/04/2005,34.25
04/04/2005,33.77
05/04/2005,34.58
06/04/2005,34.68
07/04/2005,34.8
08/04/2005,34.5
11/04/2005,34.62
12/04/2005,35.04
13/04/2005,34.57
14/04/2005,34.19
15/04/2005,33.93
18/04/2005,34.64
19/04/2005,34.95
20/04/2005,34.76
21/04/2005,35.04
22/04/2005,34.87
25/04/2005,35.17
26/04/2005,35.08
27/04/2005,35.5
28/04/2005,35.02
29/04/2005,35.49
02/05/2005,35.57
03/05/2005,35.5
04/05/2005,36.1
05/05/2005,35.9
06/05/2005,35.61
09/05/2005,35.96
10/05/2005,35.14
11/05/2005,35.3
12/05/2005,34.83
13/05/2005,34.46
16/05/2005,34.74
17/05/2005,35.21
18/05/2005,36.05
19/05/2005,36.19
20/05/2005,36.06
23/05/2005,35.91
24/05/2005,35.89
25/05/2005,35.91
26/05/2005,35.94
27/05/2005,35.8
31/05/2005,35.75
01/06/2005,35.76
02/06/2005,35.74
03/06/2005,35.55
06/06/2005,35.51
07/06/2005,35.48
08/06/2005,35.67
09/06/2005,35.5
10/06/2005,35.43
13/06/2005,35.5
14/06/2005,35.6
15/06/2005,35.71
16/06/2005,35.9
17/06/2005,36.08
20/06/2005,36.05
21/06/2005,36.04
22/06/2005,36.26
23/06/2005,35.93
24/06/2005,35.57
27/06/2005,35.59
28/06/2005,35.92
29/06/2005,35.96
30/06/2005,35.32
01/07/2005,35.06
05/07/2005,34.97
06/07/2005,34.6
07/07/2005,34.46
08/07/2005,34.81
11/07/2005,34.96
12/07/2005,35.25
13/07/2005,35.49
14/07/2005,35.69
15/07/2005,35.86
18/07/2005,35.51
19/07/2005,35.21
20/07/2005,35.16
21/07/2005,35.4
22/07/2005,35.6
25/07/2005,35.44
26/07/2005,35.37
27/07/2005,35.35
28/07/2005,35.46
29/07/2005,35.14
01/08/2005,35.3
02/08/2005,35.55
03/08/2005,35.61
04/08/2005,35.46
05/08/2005,35.25
08/08/2005,34.99
09/08/2005,35.03
10/08/2005,34.8
11/08/2005,34.81
12/08/2005,34.31
15/08/2005,34.65
16/08/2005,34.58
17/08/2005,34.46
18/08/2005,34.66
19/08/2005,34.54
22/08/2005,34.51
23/08/2005,34.35
24/08/2005,33.85
25/08/2005,34.12
26/08/2005,33.65
29/08/2005,33.91
30/08/2005,33.58
31/08/2005,33.89
01/09/2005,34.06
02/09/2005,34.11
06/09/2005,34.57
07/09/2005,34.89
08/09/2005,34.64
09/09/2005,34.82
12/09/2005,34.57
13/09/2005,34.15
14/09/2005,34.24
15/09/2005,34.13
16/09/2005,34.99
19/09/2005,34.59
20/09/2005,34.53
21/09/2005,34.01
22/09/2005,34.25
23/09/2005,34.07
26/09/2005,33.92
27/09/2005,33.88
28/09/2005,33.92
29/09/2005,34.35
30/09/2005,33.93
03/10/2005,34.12
04/10/2005,33.6
05/10/2005,33.45
06/10/2005,33.66
07/10/2005,33.9
10/10/2005,33.52
11/10/2005,33.31
12/10/2005,33.27
13/10/2005,33.75
14/10/2005,34.08
17/10/2005,34
18/10/2005,33.77
19/10/2005,34.73
20/10/2005,34.75
21/10/2005,35.13
24/10/2005,35.76
25/10/2005,35.72
26/10/2005,36.1
27/10/2005,36.03
28/10/2005,36.44
31/10/2005,36.62
01/11/2005,36.85
02/11/2005,37.2
03/11/2005,37.09
04/11/2005,37.31
07/11/2005,37.68
08/11/2005,37.34
09/11/2005,37.72
10/11/2005,38.32
11/11/2005,38.26
14/11/2005,38.13
15/11/2005,37.73
16/11/2005,37.81
17/11/2005,37.93
18/11/2005,38.03
21/11/2005,37.82
22/11/2005,38.2
23/11/2005,38.78
25/11/2005,38.86
28/11/2005,38.9
29/11/2005,38.96
30/11/2005,38.25
01/12/2005,38.57
02/12/2005,38.99
05/12/2005,38.85
06/12/2005,38.85
07/12/2005,38.47
08/12/2005,38.65
09/12/2005,39.12
12/12/2005,39.15
13/12/2005,39.41
14/12/2005,39.55
15/12/2005,39.58
16/12/2005,39.79
19/12/2005,39.6
20/12/2005,39.6
21/12/2005,39.83
22/12/2005,40.05
23/12/2005,40.2
27/12/2005,40.1
28/12/2005,39.91
29/12/2005,39.86
30/12/2005,39.69
03/01/2006,40.19
04/01/2006,39.62
05/01/2006,39.74
06/01/2006,40.02
09/01/2006,40.67
10/01/2006,40.73
11/01/2006,40.7
12/01/2006,39.95
13/01/2006,39.92
17/01/2006,39.71
18/01/2006,39.28
19/01/2006,39.06
20/01/2006,38.05
23/01/2006,38.27
24/01/2006,38.11
25/01/2006,38.48
26/01/2006,39.59
27/01/2006,39.75
30/01/2006,39.85
31/01/2006,39.75
01/02/2006,39.88
02/02/2006,39.99
03/02/2006,39.53
06/02/2006,39.44
07/02/2006,39.26
08/02/2006,39.6
09/02/2006,39.77
10/02/2006,39.92
13/02/2006,39.77
14/02/2006,40.1
15/02/2006,40.32
16/02/2006,40.82
17/02/2006,40.78
21/02/2006,40.7
22/02/2006,41.41
23/02/2006,41.11
24/02/2006,41.66
27/02/2006,41.58
28/02/2006,41.14
01/03/2006,41.63
02/03/2006,41.66
03/03/2006,41.59
06/03/2006,41.43
07/03/2006,41.48
08/03/2006,41.6
09/03/2006,41.05
10/03/2006,41.13
13/03/2006,41.06
14/03/2006,41.38
15/03/2006,41.22
16/03/2006,41.32
17/03/2006,41.4
20/03/2006,41.45
21/03/2006,41.2
22/03/2006,42.05
23/03/2006,42.04
24/03/2006,42.1
27/03/2006,42.11
28/03/2006,41.56
29/03/2006,41.68
30/03/2006,41.53
31/03/2006,41.64
03/04/2006,41.93
04/04/2006,42.27
05/04/2006,42.54
06/04/2006,42.29
07/04/2006,41.7
10/04/2006,41.88
11/04/2006,41.61
12/04/2006,41.9
13/04/2006,42.19
17/04/2006,42
18/04/2006,42.6
19/04/2006,42.62
20/04/2006,42.6
21/04/2006,42.5
24/04/2006,42.68
25/04/2006,42.22
26/04/2006,42.66
27/04/2006,43.95
28/04/2006,45.38
01/05/2006,44.78
02/05/2006,45.5
03/05/2006,45.46
04/05/2006,45.69
05/05/2006,46.65
08/05/2006,46.1
09/05/2006,46.02
10/05/2006,45.92
11/05/2006,45.15
12/05/2006,44.32
15/05/2006,44.54
16/05/2006,44.32
17/05/2006,43.25
18/05/2006,42.74
19/05/2006,42.75
22/05/2006,42.64
23/05/2006,42.17
24/05/2006,42.15
25/05/2006,42.85
26/05/2006,43.23
30/05/2006,42.44
31/05/2006,42.64
01/06/2006,43.58
02/06/2006,43.81
05/06/2006,42.97
06/06/2006,42.38
07/06/2006,42.25
08/06/2006,42.35
09/06/2006,42.1
12/06/2006,41.6
13/06/2006,40.53
14/06/2006,39.97
15/06/2006,40.6
16/06/2006,40.16
19/06/2006,39.95
20/06/2006,40.49
21/06/2006,41.21
22/06/2006,41.07
23/06/2006,40.87
26/06/2006,41.5
27/06/2006,40.84
28/06/2006,41.27
29/06/2006,42.68
30/06/2006,42
03/07/2006,42.87
05/07/2006,42.41
06/07/2006,42.45
07/07/2006,42.41
10/07/2006,42.58
11/07/2006,42.87
12/07/2006,42.25
13/07/2006,41.39
14/07/2006,40.89
17/07/2006,40.73
18/07/2006,40.71
19/07/2006,43.05
20/07/2006,42.98
21/07/2006,43.15
24/07/2006,44.2
25/07/2006,44.63
26/07/2006,44.65
27/07/2006,44.7
28/07/2006,45.48
31/07/2006,45.62
01/08/2006,45.51
02/08/2006,45.49
03/08/2006,45.66
04/08/2006,45.12
07/08/2006,45.27
08/08/2006,44.99
09/08/2006,44.35
10/08/2006,44.05
11/08/2006,43.93
14/08/2006,43.89
15/08/2006,45.04
16/08/2006,45.47
17/08/2006,45.46
18/08/2006,45.71
21/08/2006,45.46
22/08/2006,45.35
23/08/2006,45.52
24/08/2006,45.68
25/08/2006,45.52
28/08/2006,46.02
29/08/2006,45.97
30/08/2006,45.73
31/08/2006,45.66
01/09/2006,45.73
05/09/2006,45.8
06/09/2006,45.88
07/09/2006,45.2
08/09/2006,45.26
11/09/2006,45.39
12/09/2006,46.01
13/09/2006,46.4
14/09/2006,46.5
15/09/2006,46.95
18/09/2006,46.58
19/09/2006,46.8
20/09/2006,47.22
21/09/2006,46.81
22/09/2006,46.82
25/09/2006,46.91
26/09/2006,46.9
27/09/2006,46.84
28/09/2006,47.15
29/09/2006,46.96
02/10/2006,46.87
03/10/2006,47.75
04/10/2006,47.49
05/10/2006,47.41
06/10/2006,46.86
09/10/2006,47.11
10/10/2006,47.53
11/10/2006,47.64
12/10/2006,48.26
13/10/2006,48.16
16/10/2006,47.73
17/10/2006,47.99
18/10/2006,47.21
19/10/2006,46.87
20/10/2006,47.12
23/10/2006,47.39
24/10/2006,47.14
25/10/2006,47.27
26/10/2006,47.77
27/10/2006,47.29
30/10/2006,47.45
31/10/2006,47.44
01/11/2006,46.93
02/11/2006,46.9
03/11/2006,46.89
06/11/2006,47.65
07/11/2006,47.49
08/11/2006,47.64
09/11/2006,47.24
10/11/2006,47.61
13/11/2006,47.66
14/11/2006,47.75
15/11/2006,47.45
16/11/2006,47.85
17/11/2006,47.66
20/11/2006,47.9
21/11/2006,47.75
22/11/2006,47.59
24/11/2006,47.27
27/11/2006,46.63
28/11/2006,46.2
29/11/2006,46.67
30/11/2006,46.28
01/12/2006,46.01
04/12/2006,46.84
05/12/2006,47.2
06/12/2006,46.83
07/12/2006,46.63
08/12/2006,46.76
11/12/2006,47.55
12/12/2006,47.63
13/12/2006,47.6
14/12/2006,47.95
15/12/2006,48.3
18/12/2006,48.23
19/12/2006,48.27
20/12/2006,48.22
21/12/2006,48.65
22/12/2006,47.89
26/12/2006,48.31
27/12/2006,48.95
28/12/2006,48.92
29/12/2006,48.3
03/01/2007,48.07
04/01/2007,48.19
05/01/2007,47.79
08/01/2007,47.95
09/01/2007,47.75
10/01/2007,48.1
11/01/2007,48.31
12/01/2007,47.99
16/01/2007,48.39
17/01/2007,48.43
18/01/2007,48.15
19/01/2007,48.76
22/01/2007,49.66
23/01/2007,49.83
24/01/2007,50.36
25/01/2007,50.21
26/01/2007,49.7
29/01/2007,49.47
30/01/2007,50.18
31/01/2007,50.93
01/02/2007,51.21
02/02/2007,50.93
05/02/2007,50.96
06/02/2007,51
07/02/2007,51.21
08/02/2007,50.93
09/02/2007,50.42
12/02/2007,50.44
13/02/2007,50.95
14/02/2007,51.42
15/02/2007,51.21
16/02/2007,51.25
20/02/2007,51.63
21/02/2007,51.65
22/02/2007,51.64
23/02/2007,51.03
26/02/2007,50.81
27/02/2007,49.22
28/02/2007,49.39
01/03/2007,49.2
02/03/2007,48.19
05/03/2007,47.54
06/03/2007,48.52
07/03/2007,48.36
08/03/2007,48.74
09/03/2007,48.82
12/03/2007,48.84
13/03/2007,46.7
14/03/2007,47.3
15/03/2007,47.7
16/03/2007,47.03
19/03/2007,47.58
20/03/2007,47.75
21/03/2007,49.05
22/03/2007,48.47
23/03/2007,48.52
26/03/2007,48.7
27/03/2007,48.57
28/03/2007,47.99
29/03/2007,48.5
30/03/2007,48.38
02/04/2007,48.24
03/04/2007,48.56
04/04/2007,48.56
05/04/2007,48.77
09/04/2007,49
10/04/2007,49.24
11/04/2007,49.15
12/04/2007,49.2
13/04/2007,49.09
16/04/2007,49.97
17/04/2007,50.18
18/04/2007,52.07
19/04/2007,52.09
20/04/2007,52.54
23/04/2007,52.28
24/04/2007,52.16
25/04/2007,52.82
26/04/2007,52.94
27/04/2007,52.55
30/04/2007,52.1
01/05/2007,52.26
02/05/2007,52.55
03/05/2007,52.7
04/05/2007,52.63
07/05/2007,52.73
08/05/2007,52.45
09/05/2007,53.2
10/05/2007,52
11/05/2007,52.15
14/05/2007,51.83
15/05/2007,52.03
16/05/2007,52.98
17/05/2007,52.56
18/05/2007,52.54
21/05/2007,52.56
22/05/2007,52.29
23/05/2007,51.99
24/05/2007,51.59
25/05/2007,51.64
29/05/2007,51.82
30/05/2007,52.06
31/05/2007,51.83
01/06/2007,51.9
04/06/2007,51.57
05/06/2007,51.22
06/06/2007,50.56
07/06/2007,49.82
08/06/2007,50.41
11/06/2007,50.43
12/06/2007,49.35
13/06/2007,50.29
14/06/2007,50.32
15/06/2007,50.56
18/06/2007,50.43
19/06/2007,50.85
20/06/2007,49.46
21/06/2007,49.84
22/06/2007,48.72
25/06/2007,48.36
26/06/2007,48.6
27/06/2007,49.24
28/06/2007,48.96
29/06/2007,48.45
02/07/2007,49.15
03/07/2007,49.34
05/07/2007,48.79
06/07/2007,48.97
09/07/2007,48.79
10/07/2007,47.51
11/07/2007,48.13
12/07/2007,49.53
13/07/2007,50.05
16/07/2007,49.83
17/07/2007,49.92
18/07/2007,48.88
19/07/2007,48.62
20/07/2007,47.56
23/07/2007,47.15
24/07/2007,45.34
25/07/2007,45.27
26/07/2007,44.08
27/07/2007,44.23
30/07/2007,44.75
31/07/2007,44.01
01/08/2007,44.38
02/08/2007,44.59
03/08/2007,43.65
06/08/2007,45.11
07/08/2007,45.34
08/08/2007,46.51
09/08/2007,44.17
10/08/2007,44.25
13/08/2007,43.83
14/08/2007,43.3
15/08/2007,43
16/08/2007,45.47
17/08/2007,47.01
20/08/2007,46.49
21/08/2007,46.2
22/08/2007,46
23/08/2007,45.67
24/08/2007,45.95
27/08/2007,44.91
28/08/2007,43.6
29/08/2007,44.13
30/08/2007,43.97
31/08/2007,44.52
04/09/2007,45.3
05/09/2007,44.17
06/09/2007,44.21
07/09/2007,43.52
10/09/2007,43.93
11/09/2007,44.54
12/09/2007,44.47
13/09/2007,45.6
14/09/2007,45.54
17/09/2007,45.29
18/09/2007,47.82
19/09/2007,47.57
20/09/2007,46.96
21/09/2007,47.13
24/09/2007,46.34
25/09/2007,46.1
26/09/2007,46.13
27/09/2007,46.21
28/09/2007,45.82
01/10/2007,46.81
02/10/2007,47.16
03/10/2007,47
04/10/2007,47.25
05/10/2007,47.58
08/10/2007,47.44
09/10/2007,47.57
10/10/2007,46.91
11/10/2007,46.66
12/10/2007,46.82
15/10/2007,46.27
16/10/2007,45.11
17/10/2007,46.37
18/10/2007,45.9
19/10/2007,45.02
22/10/2007,45.37
23/10/2007,45.94
24/10/2007,46.27
25/10/2007,46.05
26/10/2007,47.32
29/10/2007,46.67
30/10/2007,46.56
31/10/2007,47
01/11/2007,44.32
02/11/2007,43.15
05/11/2007,42.77
06/11/2007,44.11
07/11/2007,42.24
08/11/2007,42.61
09/11/2007,42.31
12/11/2007,42.39
13/11/2007,45.05
14/11/2007,45.15
15/11/2007,43.53
16/11/2007,43.09
19/11/2007,41.37
20/11/2007,41.63
21/11/2007,40.68
23/11/2007,41.95
26/11/2007,40.46
27/11/2007,42.35
28/11/2007,43.96
29/11/2007,43.65
30/11/2007,45.62
03/12/2007,45.21
04/12/2007,44.15
05/12/2007,44.9
06/12/2007,46.21
07/12/2007,46.08
10/12/2007,47.42
11/12/2007,45.94
12/12/2007,46.15
13/12/2007,45.76
14/12/2007,45.2
17/12/2007,44.53
18/12/2007,43.9
19/12/2007,43.98
20/12/2007,43.33
21/12/2007,44.11
24/12/2007,44.83
26/12/2007,44.94
27/12/2007,43.64
28/12/2007,43.26
31/12/2007,43.65
02/01/2008,42.17
03/01/2008,41.88
04/01/2008,40.93
07/01/2008,41.34
08/01/2008,39.7
09/01/2008,40.26
10/01/2008,41.33
11/01/2008,40.86
14/01/2008,41.36
15/01/2008,39.17
16/01/2008,41.43
17/01/2008,40.04
18/01/2008,39.59
22/01/2008,40.86
23/01/2008,45.72
24/01/2008,44.96
25/01/2008,43.64
28/01/2008,45.57
29/01/2008,47.45
30/01/2008,47.35
31/01/2008,47.4
01/02/2008,48.25
04/02/2008,46.22
05/02/2008,43.89
06/02/2008,43.72
07/02/2008,45.11
08/02/2008,43.82
11/02/2008,43.35
12/02/2008,43.31
13/02/2008,44.1
14/02/2008,42.61
15/02/2008,43.25
19/02/2008,42.83
20/02/2008,43.15
21/02/2008,43.07
22/02/2008,43.93
25/02/2008,44.03
26/02/2008,43.72
27/02/2008,44.41
28/02/2008,42.44
29/02/2008,40.65
03/03/2008,39.82
04/03/2008,39.19
05/03/2008,38.74
06/03/2008,37.37
07/03/2008,37.56
10/03/2008,36.48
11/03/2008,38.84
12/03/2008,38.61
13/03/2008,38.11
14/03/2008,36.54
17/03/2008,40.31
18/03/2008,42.71
19/03/2008,42.47
20/03/2008,45.97
24/03/2008,46.55
25/03/2008,46.06
26/03/2008,44.11
27/03/2008,42.86
28/03/2008,42.71
31/03/2008,42.95
01/04/2008,47
02/04/2008,46.24
03/04/2008,46.28
04/04/2008,45.57
07/04/2008,45.54
08/04/2008,44.86
09/04/2008,44.3
10/04/2008,43.86
11/04/2008,42.53
14/04/2008,41.5
15/04/2008,42.12
16/04/2008,44.96
17/04/2008,45.12
18/04/2008,45.76
21/04/2008,45.23
22/04/2008,45.65
23/04/2008,45.15
24/04/2008,46.97
25/04/2008,47.79
28/04/2008,47.34
29/04/2008,47.08
30/04/2008,47.65
01/05/2008,49.25
02/05/2008,48.66
05/05/2008,48
06/05/2008,48.2
07/05/2008,46.57
08/05/2008,46.05
09/05/2008,46.57
12/05/2008,47.24
13/05/2008,45.48
14/05/2008,45.91
15/05/2008,47.02
16/05/2008,46.53
19/05/2008,45.99
20/05/2008,43.7
21/05/2008,42.42
22/05/2008,43.05
23/05/2008,42.32
27/05/2008,43.01
28/05/2008,42.86
29/05/2008,43.57
30/05/2008,43
02/06/2008,42.15
03/06/2008,41.89
04/06/2008,41.63
05/06/2008,42.1
06/06/2008,40.09
09/06/2008,37.51
10/06/2008,38.29
11/06/2008,37.13
12/06/2008,38.01
13/06/2008,39.58
16/06/2008,39.94
17/06/2008,39.04
18/06/2008,38.74
19/06/2008,38.65
20/06/2008,37.86
23/06/2008,36.87
24/06/2008,37.72
25/06/2008,37.91
26/06/2008,36.32
27/06/2008,35.05
30/06/2008,34.31
01/07/2008,34.02
02/07/2008,34.6
03/07/2008,35.31
07/07/2008,34.04
08/07/2008,35.77
09/07/2008,34.28
10/07/2008,34.51
11/07/2008,33.16
14/07/2008,31.69
15/07/2008,31.02
16/07/2008,35.94
17/07/2008,40.8
18/07/2008,40.02
21/07/2008,38.65
22/07/2008,40.86
23/07/2008,41.96
24/07/2008,39.14
25/07/2008,39.52
28/07/2008,37.66
29/07/2008,40.75
30/07/2008,41.57
31/07/2008,40.63
01/08/2008,40.76
04/08/2008,40.14
05/08/2008,41.89
06/08/2008,41.39
07/08/2008,39.81
08/08/2008,41.07
11/08/2008,41.89
12/08/2008,37.92
13/08/2008,36.91
14/08/2008,37.81
15/08/2008,38.07
18/08/2008,36.74
19/08/2008,35.58
20/08/2008,37
21/08/2008,36.26
22/08/2008,37.67
25/08/2008,36.13
26/08/2008,36.61
27/08/2008,37.14
28/08/2008,38.88
29/08/2008,38.49
02/09/2008,38.99
03/09/2008,39.71
04/09/2008,37.91
05/09/2008,39.6
08/09/2008,41.55
09/09/2008,39.47
10/09/2008,39.4
11/09/2008,41.65
12/09/2008,41.17
15/09/2008,37
16/09/2008,40.74
17/09/2008,35.77
18/09/2008,40.3
19/09/2008,47.05
22/09/2008,40.8
23/09/2008,40.56
24/09/2008,40.5
25/09/2008,43.46
26/09/2008,48.24
29/09/2008,41
30/09/2008,46.7
01/10/2008,49.63
02/10/2008,49.85
03/10/2008,45.9
06/10/2008,44
07/10/2008,39.32
08/10/2008,39.3
09/10/2008,36.68
10/10/2008,41.64
13/10/2008,41.99
14/10/2008,40.71
15/10/2008,38.49
16/10/2008,40.49
17/10/2008,39.33
20/10/2008,40.66
21/10/2008,39.74
22/10/2008,37.17
23/10/2008,37.85
24/10/2008,35.43
27/10/2008,34
28/10/2008,37.6
29/10/2008,35.71
30/10/2008,37.62
31/10/2008,41.25
03/11/2008,40.73
04/11/2008,42.17
05/11/2008,39.22
06/11/2008,38.26
07/11/2008,37.75
10/11/2008,36.41
11/11/2008,36.35
12/11/2008,34.57
13/11/2008,37.19
14/11/2008,34.47
17/11/2008,32.77
18/11/2008,32.14
19/11/2008,28.47
20/11/2008,23.38
21/11/2008,22.72
24/11/2008,27.58
25/11/2008,29.77
26/11/2008,30.62
28/11/2008,31.66
01/12/2008,26.12
02/12/2008,28.53
03/12/2008,30.25
04/12/2008,31.08
05/12/2008,33.35
08/12/2008,36.49
09/12/2008,33.96
10/12/2008,33.52
11/12/2008,29.94
12/12/2008,30.94
15/12/2008,28.63
16/12/2008,32.35
17/12/2008,31.86
18/12/2008,30.21
19/12/2008,30.32
22/12/2008,29.82
23/12/2008,29.11
24/12/2008,29.85
26/12/2008,29.8
29/12/2008,29.78
30/12/2008,31.01
31/12/2008,31.53
02/01/2009,31.35
05/01/2009,29.25
06/01/2009,29.88
07/01/2009,28.09
08/01/2009,27.22
09/01/2009,25.97
12/01/2009,24.91
13/01/2009,26.35
14/01/2009,25.91
15/01/2009,24.34
16/01/2009,22.82
20/01/2009,18.09
21/01/2009,22.63
22/01/2009,23.1
23/01/2009,24.28
26/01/2009,24.5
27/01/2009,25.06
28/01/2009,27.66
29/01/2009,25.43
30/01/2009,25.51
02/02/2009,25.2
03/02/2009,24.05
04/02/2009,24.04
05/02/2009,24.54
06/02/2009,27.63
09/02/2009,27.28
10/02/2009,24.62
11/02/2009,26.09
12/02/2009,26.19
13/02/2009,24.69
17/02/2009,21.65
18/02/2009,21.51
19/02/2009,20.6
20/02/2009,19.9
23/02/2009,19.51
24/02/2009,21.02
25/02/2009,21.73
26/02/2009,23.05
27/02/2009,22.85
02/03/2009,21.16
03/03/2009,21.01
04/03/2009,19.3
05/03/2009,16.6
06/03/2009,15.93
09/03/2009,15.9
10/03/2009,19.5
11/03/2009,20.4
12/03/2009,23.2
13/03/2009,23.75
16/03/2009,23.09
17/03/2009,25.14
18/03/2009,27.11
19/03/2009,24.95
20/03/2009,23.15
23/03/2009,28.86
24/03/2009,26.4
25/03/2009,28.56
26/03/2009,29.1
27/03/2009,27.4
30/03/2009,24.85
31/03/2009,26.58
01/04/2009,28.14
02/04/2009,28.16
03/04/2009,29.28
06/04/2009,28.2
07/04/2009,27.25
08/04/2009,27.43
09/04/2009,32.75
13/04/2009,33.7
14/04/2009,30.7
15/04/2009,32.56
16/04/2009,33.24
17/04/2009,33.26
20/04/2009,29.69
21/04/2009,32.53
22/04/2009,31.9
23/04/2009,33.21
24/04/2009,33.38
27/04/2009,32.78
28/04/2009,32.79
29/04/2009,34.48
30/04/2009,33
01/05/2009,32.49
04/05/2009,35.79
05/05/2009,34.82
06/05/2009,37.22
07/05/2009,35.24
08/05/2009,38.94
11/05/2009,35.83
12/05/2009,35.36
13/05/2009,34.05
14/05/2009,35.54
15/05/2009,34.91
18/05/2009,37.26
19/05/2009,35.81
20/05/2009,34.55
21/05/2009,34.9
22/05/2009,34.41
26/05/2009,36.54
27/05/2009,34.66
28/05/2009,36.65
29/05/2009,36.9
01/06/2009,36.11
02/06/2009,34.5
03/06/2009,33.98
04/06/2009,35.35
05/06/2009,34.55
08/06/2009,35.39
09/06/2009,35.26
10/06/2009,34.84
11/06/2009,34.94
12/06/2009,35.13
15/06/2009,34
16/06/2009,33.5
17/06/2009,32.73
18/06/2009,34.17
19/06/2009,35
22/06/2009,32.87
23/06/2009,33.57
24/06/2009,33.46
25/06/2009,34.14
26/06/2009,34.45
29/06/2009,34.6
30/06/2009,34.11
01/07/2009,33.77
02/07/2009,32.27
06/07/2009,32.6
07/07/2009,32.81
08/07/2009,32.71
09/07/2009,33.62
10/07/2009,32.34
13/07/2009,34.71
14/07/2009,34.7
15/07/2009,36.26
16/07/2009,36.13
17/07/2009,36.89
20/07/2009,36.98
21/07/2009,36.94
22/07/2009,36.83
23/07/2009,38.15
24/07/2009,37.92
27/07/2009,38.13
28/07/2009,38.08
29/07/2009,37.77
30/07/2009,38.47
31/07/2009,38.65
03/08/2009,39.6
04/08/2009,40.21
05/08/2009,41.78
06/08/2009,40.75
07/08/2009,42.36
10/08/2009,42.69
11/08/2009,41.24
12/08/2009,42.21
13/08/2009,42.9
14/08/2009,42.45
17/08/2009,40.73
18/08/2009,41.7
19/08/2009,41.41
20/08/2009,42.42
21/08/2009,43.66
24/08/2009,43.01
25/08/2009,43.58
26/08/2009,43.3
27/08/2009,43.45
28/08/2009,42.92
31/08/2009,43.46
01/09/2009,41.67
02/09/2009,40.86
03/09/2009,42.11
04/09/2009,42.34
08/09/2009,42.54
09/09/2009,42.86
10/09/2009,43.02
11/09/2009,42.5
14/09/2009,43.75
15/09/2009,43.19
16/09/2009,44.65
17/09/2009,44.96
18/09/2009,44.95
21/09/2009,44.55
22/09/2009,46.47
23/09/2009,45.06
24/09/2009,44.37
25/09/2009,43.65
28/09/2009,44.81
29/09/2009,44.88
30/09/2009,43.82
01/10/2009,41.37
02/10/2009,41.86
05/10/2009,43.8
06/10/2009,44.91
07/10/2009,45.7
08/10/2009,45.3
09/10/2009,45.85
12/10/2009,46.08
13/10/2009,45.66
14/10/2009,47.16
15/10/2009,47.16
16/10/2009,46.06
19/10/2009,45.98
20/10/2009,46.03
21/10/2009,44.65
22/10/2009,45.71
23/10/2009,45.23
26/10/2009,43.82
27/10/2009,43.9
28/10/2009,42.68
29/10/2009,44.35
30/10/2009,41.77
02/11/2009,42.58
03/11/2009,42.7
04/11/2009,42.21
05/11/2009,43.87
06/11/2009,43.48
09/11/2009,44.35
10/11/2009,44.17
11/11/2009,44.32
12/11/2009,43.3
13/11/2009,42.9
16/11/2009,43.04
17/11/2009,43.16
18/11/2009,43.38
19/11/2009,42.55
20/11/2009,42.46
23/11/2009,43.28
24/11/2009,42.48
25/11/2009,42.16
27/11/2009,41.33
30/11/2009,42.49
01/12/2009,42.22
02/12/2009,41.93
03/12/2009,41.4
04/12/2009,41.74
07/12/2009,41.25
08/12/2009,41.21
09/12/2009,41.19
10/12/2009,41.27
11/12/2009,40.96
14/12/2009,41.77
15/12/2009,40.86
16/12/2009,41.36
17/12/2009,40.27
18/12/2009,40.95
21/12/2009,41.9
22/12/2009,41.94
23/12/2009,41.56
24/12/2009,41.89
28/12/2009,41.72
29/12/2009,41.49
30/12/2009,41.53
31/12/2009,41.67
04/01/2010,42.85
05/01/2010,43.68
06/01/2010,43.92
07/01/2010,44.79
08/01/2010,44.68
11/01/2010,44.53
12/01/2010,43.49
13/01/2010,44.25
14/01/2010,44.69
15/01/2010,43.68
19/01/2010,43.28
20/01/2010,43.4
21/01/2010,40.54
22/01/2010,39.16
25/01/2010,39.21
26/01/2010,38.44
27/01/2010,39.33
28/01/2010,39.48
29/01/2010,38.94
01/02/2010,39.63
02/02/2010,40.55
03/02/2010,40.29
04/02/2010,38.35
05/02/2010,38.3
08/02/2010,37.7
09/02/2010,38.39
10/02/2010,38.87
11/02/2010,39.02
12/02/2010,38.95
16/02/2010,40.07
17/02/2010,40.04
18/02/2010,40.41
19/02/2010,40.03
22/02/2010,40.85
23/02/2010,39.88
24/02/2010,40.85
25/02/2010,40.64
26/02/2010,41.97
01/03/2010,41.83
02/03/2010,41.62
03/03/2010,41.53
04/03/2010,41.92
05/03/2010,42.81
08/03/2010,42.59
09/03/2010,42.42
10/03/2010,42.93
11/03/2010,43.18
12/03/2010,43.15
15/03/2010,43.07
16/03/2010,43.24
17/03/2010,43.79
18/03/2010,43.64
19/03/2010,43.45
22/03/2010,43.74
23/03/2010,44.58
24/03/2010,44.94
25/03/2010,44.94
26/03/2010,45.02
29/03/2010,44.86
30/03/2010,44.58
31/03/2010,44.75
01/04/2010,45.18
05/04/2010,45.34
06/04/2010,45.84
07/04/2010,45.32
08/04/2010,45.76
09/04/2010,45.98
12/04/2010,46.14
13/04/2010,45.87
14/04/2010,47.73
15/04/2010,47.81
16/04/2010,45.55
19/04/2010,45.39
20/04/2010,45.88
21/04/2010,45.35
22/04/2010,44.74
23/04/2010,44.94
26/04/2010,43.89
27/04/2010,42.41
28/04/2010,43.46
29/04/2010,44
30/04/2010,42.58
03/05/2010,43.53
04/05/2010,42.47
05/05/2010,42.63
06/05/2010,40.81
07/05/2010,40.76
10/05/2010,41.95
11/05/2010,41.55
12/05/2010,41.69
13/05/2010,40.81
14/05/2010,39.89
17/05/2010,39.84
18/05/2010,39.02
19/05/2010,39.38
20/05/2010,37.83
21/05/2010,40.05
24/05/2010,38.62
25/05/2010,38.94
26/05/2010,38.78
27/05/2010,40.42
28/05/2010,39.58
01/06/2010,38.54
02/06/2010,39.55
03/06/2010,39.1
04/06/2010,37.62
07/06/2010,36.72
08/06/2010,37.78
09/06/2010,37.12
10/06/2010,38.29
11/06/2010,38.09
14/06/2010,37.33
15/06/2010,38.25
16/06/2010,38.52
17/06/2010,38.44
18/06/2010,39.18
21/06/2010,38.87
22/06/2010,38.33
23/06/2010,38.89
24/06/2010,38.03
25/06/2010,39.44
28/06/2010,38.54
29/06/2010,37.06
30/06/2010,36.61
01/07/2010,36.08
02/07/2010,35.83
06/07/2010,36.33
07/07/2010,38.15
08/07/2010,38.16
09/07/2010,38.85
12/07/2010,39.19
13/07/2010,40.48
14/07/2010,40.35
15/07/2010,40.46
16/07/2010,39
19/07/2010,39.04
20/07/2010,39.63
21/07/2010,38.42
22/07/2010,39.35
23/07/2010,39.83
26/07/2010,40.33
27/07/2010,40.69
28/07/2010,40.32
29/07/2010,40.21
30/07/2010,40.28
02/08/2010,41.64
03/08/2010,41.08
04/08/2010,41.29
05/08/2010,41.27
06/08/2010,40.44
09/08/2010,39.82
10/08/2010,39.17
11/08/2010,37.77
12/08/2010,37.81
13/08/2010,37.5
16/08/2010,37.69
17/08/2010,37.48
18/08/2010,37.89
19/08/2010,37.07
20/08/2010,37.14
23/08/2010,36.88
24/08/2010,36.21
25/08/2010,36.23
26/08/2010,35.63
27/08/2010,36.6
30/08/2010,35.85
31/08/2010,36.36
01/09/2010,37.74
02/09/2010,38.16
03/09/2010,39.17
07/09/2010,38.28
08/09/2010,39.12
09/09/2010,40.1
10/09/2010,39.76
13/09/2010,41.12
14/09/2010,40.72
15/09/2010,40.98
16/09/2010,40.99
17/09/2010,40.06
20/09/2010,41.19
21/09/2010,40.59
22/09/2010,39.94
23/09/2010,39.1
24/09/2010,39.75
27/09/2010,39.08
28/09/2010,38.95
29/09/2010,38.41
30/09/2010,38.06
01/10/2010,38.81
04/10/2010,38.95
05/10/2010,39.64
06/10/2010,39.9
07/10/2010,39.52
08/10/2010,39.31
11/10/2010,39.73
12/10/2010,40.4
13/10/2010,39.84
14/10/2010,38.72
15/10/2010,37.15
18/10/2010,38.2
19/10/2010,37.69
20/10/2010,38.1
21/10/2010,37.7
22/10/2010,37.7
25/10/2010,37.07
26/10/2010,37.2
27/10/2010,37.54
28/10/2010,37.51
29/10/2010,37.63
01/11/2010,37.42
02/11/2010,36.96
03/11/2010,37.72
04/11/2010,39.8
05/11/2010,40.94
08/11/2010,40.51
09/11/2010,39.9
10/11/2010,40.62
11/11/2010,40.02
12/11/2010,39.61
15/11/2010,40.08
16/11/2010,39.61
17/11/2010,39.18
18/11/2010,39.66
19/11/2010,39.41
22/11/2010,38.51
23/11/2010,37.63
24/11/2010,38.16
26/11/2010,37.5
29/11/2010,37.91
30/11/2010,37.4
01/12/2010,38.15
02/12/2010,39.31
03/12/2010,39.61
06/12/2010,39.9
07/12/2010,39.25
08/12/2010,40.26
09/12/2010,40.81
10/12/2010,41.43
13/12/2010,41.51
14/12/2010,40.79
15/12/2010,40.21
16/12/2010,40.01
17/12/2010,39.67
20/12/2010,39.95
21/12/2010,41
22/12/2010,42.16
23/12/2010,42.08
27/12/2010,42.67
28/12/2010,42.61
29/12/2010,42.36
30/12/2010,42.23
31/12/2010,42.42
03/01/2011,43.58
04/01/2011,44.16
05/01/2011,44.7
06/01/2011,44.48
07/01/2011,43.64
10/01/2011,43.4
11/01/2011,43.6
12/01/2011,44.71
13/01/2011,44.45
14/01/2011,44.91
18/01/2011,44.75
19/01/2011,43.71
20/01/2011,44.75
21/01/2011,45.29
24/01/2011,45.02
25/01/2011,44.87
26/01/2011,44.98
27/01/2011,45.1
28/01/2011,44.54
31/01/2011,44.94
01/02/2011,45.93
02/02/2011,45.45
03/02/2011,45.46
04/02/2011,44.59
07/02/2011,45.5
08/02/2011,45.74
09/02/2011,45.11
10/02/2011,45.53
11/02/2011,46.57
14/02/2011,46.54
15/02/2011,46.82
16/02/2011,47.94
17/02/2011,47.82
18/02/2011,48
22/02/2011,46.01
23/02/2011,45.96
24/02/2011,45.91
25/02/2011,46.68
28/02/2011,46.69
01/03/2011,45.6
02/03/2011,45.21
03/03/2011,46.08
04/03/2011,45.52
07/03/2011,45.19
08/03/2011,46.4
09/03/2011,46.56
10/03/2011,45.53
11/03/2011,45.74
14/03/2011,45.3
15/03/2011,44.61
16/03/2011,43.81
17/03/2011,44.56
18/03/2011,45.74
21/03/2011,45.63
22/03/2011,45.47
23/03/2011,45.6
24/03/2011,45.73
25/03/2011,45.86
28/03/2011,45.96
29/03/2011,46.02
30/03/2011,46.45
31/03/2011,46.1
01/04/2011,46.35
04/04/2011,46.34
05/04/2011,46.58
06/04/2011,47.64
07/04/2011,47.4
08/04/2011,46.84
11/04/2011,46.86
12/04/2011,46.64
13/04/2011,46.25
14/04/2011,44.97
15/04/2011,44.89
18/04/2011,43.96
19/04/2011,44.65
20/04/2011,44.56
21/04/2011,44.68
25/04/2011,44.61
26/04/2011,45.12
27/04/2011,45.5
28/04/2011,45.85
29/04/2011,45.63
02/05/2011,45.18
03/05/2011,45.92
04/05/2011,45.5
05/05/2011,45.17
06/05/2011,45.04
09/05/2011,44.96
10/05/2011,45.16
11/05/2011,44.23
12/05/2011,44.09
13/05/2011,43.15
16/05/2011,42.88
17/05/2011,43.81
18/05/2011,44.08
19/05/2011,44
20/05/2011,43.13
23/05/2011,42.55
24/05/2011,42.34
25/05/2011,42.27
26/05/2011,42.45
27/05/2011,42.79
31/05/2011,43.24
01/06/2011,41.76
02/06/2011,41.61
03/06/2011,41.57
06/06/2011,40.53
07/06/2011,40.72
08/06/2011,40.39
09/06/2011,40.98
10/06/2011,41.05
13/06/2011,41.67
14/06/2011,41.61
15/06/2011,40.68
16/06/2011,40.36
17/06/2011,40.8
20/06/2011,40.48
21/06/2011,40.91
22/06/2011,40.69
23/06/2011,40.07
24/06/2011,39.49
27/06/2011,39.88
28/06/2011,39.54
29/06/2011,40.45
30/06/2011,40.94
01/07/2011,41.58
05/07/2011,41.03
06/07/2011,40.56
07/07/2011,41.32
08/07/2011,40.74
11/07/2011,39.43
12/07/2011,39.39
13/07/2011,39.62
14/07/2011,40.35
15/07/2011,39.98
18/07/2011,39.83
19/07/2011,40.39
20/07/2011,40.96
21/07/2011,42.29
22/07/2011,42.19
25/07/2011,41.69
26/07/2011,41.44
27/07/2011,40.67
28/07/2011,40.68
29/07/2011,40.45
01/08/2011,40.44
02/08/2011,39.84
03/08/2011,39.9
04/08/2011,37.92
05/08/2011,37.6
08/08/2011,34.06
09/08/2011,36.4
10/08/2011,34.37
11/08/2011,36.69
12/08/2011,35.91
15/08/2011,36.88
16/08/2011,36.03
17/08/2011,36.57
18/08/2011,35.19
19/08/2011,34.35
22/08/2011,33.41
23/08/2011,34.78
24/08/2011,35.83
25/08/2011,35.72
26/08/2011,36.21
29/08/2011,37.64
30/08/2011,37.06
31/08/2011,37.56
01/09/2011,36.3
02/09/2011,34.63
06/09/2011,33.44
07/09/2011,34.82
08/09/2011,33.51
09/09/2011,32.08
12/09/2011,32.42
13/09/2011,32.49
14/09/2011,32.8
15/09/2011,33.81
16/09/2011,33.43
19/09/2011,32.49
20/09/2011,32.25
21/09/2011,30.34
22/09/2011,29.27
23/09/2011,29.59
26/09/2011,31.65
27/09/2011,31.57
28/09/2011,30.47
29/09/2011,31.39
30/09/2011,30.12
03/10/2011,28.65
04/10/2011,30.26
05/10/2011,30.84
06/10/2011,32.38
07/10/2011,30.7
10/10/2011,32.3
11/10/2011,32.3
12/10/2011,33.2
13/10/2011,31.6
14/10/2011,31.89
17/10/2011,31.04
18/10/2011,32.87
19/10/2011,32.25
20/10/2011,33.13
21/10/2011,33.42
24/10/2011,34.57
25/10/2011,33.49
26/10/2011,34.18
27/10/2011,37.02
28/10/2011,36.69
31/10/2011,34.76
01/11/2011,32.71
02/11/2011,33.64
03/11/2011,34.38
04/11/2011,33.97
07/11/2011,34.24
08/11/2011,35.02
09/11/2011,32.54
10/11/2011,32.74
11/11/2011,33.28
14/11/2011,32.55
15/11/2011,32.7
16/11/2011,31.47
17/11/2011,30.49
18/11/2011,30.62
21/11/2011,29.91
22/11/2011,29.41
23/11/2011,28.38
25/11/2011,28.48
28/11/2011,29.16
29/11/2011,28.56
30/11/2011,30.97
01/12/2011,30.46
02/12/2011,32.33
05/12/2011,33.51
06/12/2011,33.23
07/12/2011,34
08/12/2011,32.22
09/12/2011,33.18
12/12/2011,32.04
13/12/2011,31.29
14/12/2011,31.51
15/12/2011,31.76
16/12/2011,31.89
19/12/2011,30.7
20/12/2011,32.21
21/12/2011,32.32
22/12/2011,33.45
23/12/2011,33.57
27/12/2011,33.03
28/12/2011,32.65
29/12/2011,33.42
30/12/2011,33.25
03/01/2012,34.98
04/01/2012,34.95
05/01/2012,35.68
06/01/2012,35.36
09/01/2012,35.3
10/01/2012,36.05
11/01/2012,36.66
12/01/2012,36.85
13/01/2012,35.92
17/01/2012,34.91
18/01/2012,36.54
19/01/2012,36.93
20/01/2012,37.36
23/01/2012,37.66
24/01/2012,37.66
25/01/2012,37.6
26/01/2012,37.49
27/01/2012,37.21
30/01/2012,37.01
31/01/2012,37.3
01/02/2012,37.6
02/02/2012,37.55
03/02/2012,38.28
06/02/2012,38.14
07/02/2012,37.87
08/02/2012,38.3
09/02/2012,37.86
10/02/2012,37.61
13/02/2012,38.3
14/02/2012,37.92
15/02/2012,37.4
16/02/2012,38
17/02/2012,38.47
21/02/2012,38.46
22/02/2012,38.07
23/02/2012,38.49
24/02/2012,38.28
27/02/2012,39.06
28/02/2012,39.21
29/02/2012,39.24
01/03/2012,40.37
02/03/2012,40.63
05/03/2012,40.4
06/03/2012,39.32
07/03/2012,39.95
08/03/2012,40.44
09/03/2012,41.03
12/03/2012,40.54
13/03/2012,43.39
14/03/2012,43.58
15/03/2012,44.7
16/03/2012,44.57
19/03/2012,45
20/03/2012,45.38
21/03/2012,45.12
22/03/2012,44.65
23/03/2012,45.16
26/03/2012,46.17
27/03/2012,45.89
28/03/2012,46.27
29/03/2012,45.67
30/03/2012,45.98
02/04/2012,46.13
03/04/2012,45.42
04/04/2012,44.41
05/04/2012,44.34
09/04/2012,43.89
10/04/2012,42.96
11/04/2012,44.01
12/04/2012,44.84
13/04/2012,43.21
16/04/2012,43.33
17/04/2012,43.9
18/04/2012,43.29
19/04/2012,43.22
20/04/2012,42.72
23/04/2012,42.85
24/04/2012,43.28
25/04/2012,43.16
26/04/2012,43.8
27/04/2012,43.34
30/04/2012,42.98
01/05/2012,43.79
02/05/2012,43.2
03/05/2012,43.01
04/05/2012,41.75
07/05/2012,41.78
08/05/2012,41.38
09/05/2012,40.64
10/05/2012,40.74
11/05/2012,36.96
14/05/2012,35.79
15/05/2012,36.24
16/05/2012,35.46
17/05/2012,33.93
18/05/2012,33.49
21/05/2012,32.51
22/05/2012,34.01
23/05/2012,34.26
24/05/2012,33.97
25/05/2012,33.5
29/05/2012,33.63
30/05/2012,32.96
31/05/2012,33.15
01/06/2012,31.93
04/06/2012,31
05/06/2012,31.99
06/06/2012,33.07
07/06/2012,32.81
08/06/2012,33.68
11/06/2012,32.82
12/06/2012,33.77
13/06/2012,34.3
14/06/2012,34.65
15/06/2012,35.03
18/06/2012,34.62
19/06/2012,35.38
20/06/2012,36.45
21/06/2012,35.51
22/06/2012,35.99
25/06/2012,35.32
26/06/2012,35.71
27/06/2012,36.78
28/06/2012,35.88
29/06/2012,35.73
02/07/2012,36.28
03/07/2012,35.88
05/07/2012,34.38
06/07/2012,33.9
09/07/2012,33.96
10/07/2012,34.25
11/07/2012,34.59
12/07/2012,34.04
13/07/2012,36.07
16/07/2012,35.09
17/07/2012,34.99
18/07/2012,34.96
19/07/2012,34.46
20/07/2012,33.9
23/07/2012,34.44
24/07/2012,34.73
25/07/2012,35.17
26/07/2012,35.81
27/07/2012,36.89
30/07/2012,36.14
31/07/2012,36
01/08/2012,36
02/08/2012,35.17
03/08/2012,36.09
06/08/2012,36.3
07/08/2012,37.01
08/08/2012,37.16
09/08/2012,36.92
10/08/2012,36.97
13/08/2012,36.99
14/08/2012,37.1
15/08/2012,37.07
16/08/2012,37.1
17/08/2012,36.98
20/08/2012,37.37
21/08/2012,38.04
22/08/2012,37.83
23/08/2012,37.23
24/08/2012,37.17
27/08/2012,37.23
28/08/2012,37.13
29/08/2012,37.3
30/08/2012,36.9
31/08/2012,37.14
04/09/2012,37.01
05/09/2012,37.11
06/09/2012,38.69
07/09/2012,39.3
10/09/2012,38.76
11/09/2012,39.6
12/09/2012,39.92
13/09/2012,41.4
14/09/2012,41.57
17/09/2012,41.19
18/09/2012,41.26
19/09/2012,41.34
20/09/2012,41.25
21/09/2012,40.88
24/09/2012,41.23
25/09/2012,40.55
26/09/2012,40.24
27/09/2012,40.68
28/09/2012,40.48
01/10/2012,40.97
02/10/2012,40.92
03/10/2012,40.86
04/10/2012,41.82
05/10/2012,41.71
08/10/2012,41.66
09/10/2012,41.38
10/10/2012,41.77
11/10/2012,42.1
12/10/2012,41.62
15/10/2012,42.38
16/10/2012,42.83
17/10/2012,43.32
18/10/2012,43.01
19/10/2012,42.32
22/10/2012,42.09
23/10/2012,41.33
24/10/2012,41.71
25/10/2012,41.67
26/10/2012,41.16
31/10/2012,41.68
01/11/2012,42.84
02/11/2012,42.42
05/11/2012,42.27
06/11/2012,42.88
07/11/2012,40.48
08/11/2012,40.4
09/11/2012,40.62
12/11/2012,40.58
13/11/2012,40.04
14/11/2012,39.29
15/11/2012,39.39
16/11/2012,39.53
19/11/2012,40.59
20/11/2012,40.7
21/11/2012,40.73
23/11/2012,41.09
26/11/2012,40.88
27/11/2012,40.75
28/11/2012,40.83
29/11/2012,41.22
30/11/2012,41.08
03/12/2012,40.81
04/12/2012,40.57
05/12/2012,41.2
06/12/2012,41.47
07/12/2012,42.56
10/12/2012,42.31
11/12/2012,42.64
12/12/2012,42.77
13/12/2012,42.78
14/12/2012,42.81
17/12/2012,43.48
18/12/2012,43.87
19/12/2012,43.53
20/12/2012,44.53
21/12/2012,44
24/12/2012,43.92
26/12/2012,43.96
27/12/2012,43.63
28/12/2012,43.24
31/12/2012,43.97
02/01/2013,44.66
03/01/2013,44.57
04/01/2013,45.36
07/01/2013,45.41
08/01/2013,45.5
09/01/2013,45.47
10/01/2013,46.15
11/01/2013,46.14
14/01/2013,45.88
15/01/2013,46.35
16/01/2013,46.82
17/01/2013,46.44
18/01/2013,46.46
22/01/2013,46.54
23/01/2013,46.23
24/01/2013,46.37
25/01/2013,47.16
28/01/2013,46.64
29/01/2013,47.12
30/01/2013,47.13
31/01/2013,47.05
01/02/2013,47.85
04/02/2013,47.68
05/02/2013,48.79
06/02/2013,48.61
07/02/2013,48.23
08/02/2013,48.63
11/02/2013,48.66
12/02/2013,49.14
13/02/2013,48.68
14/02/2013,49.22
15/02/2013,48.88
19/02/2013,49.45
20/02/2013,48.61
21/02/2013,48.25
22/02/2013,48.91
25/02/2013,47.7
26/02/2013,47.6
27/02/2013,49.28
28/02/2013,48.92
01/03/2013,48.91
04/03/2013,49.1
05/03/2013,49.49
06/03/2013,50.03
07/03/2013,50.63
08/03/2013,50.2
11/03/2013,50.48
12/03/2013,50.28
13/03/2013,50.16
14/03/2013,51
15/03/2013,50.02
18/03/2013,49.51
19/03/2013,49.2
20/03/2013,49.12
21/03/2013,48.35
22/03/2013,48.78
25/03/2013,48.52
26/03/2013,48.64
27/03/2013,47.77
28/03/2013,47.46
01/04/2013,47.83
02/04/2013,48.28
03/04/2013,46.85
04/04/2013,47.49
05/04/2013,47.91
08/04/2013,48.58
09/04/2013,48.68
10/04/2013,49.25
11/04/2013,49.31
12/04/2013,49.01
15/04/2013,47.93
